,External_ID,contents
0,rec_19_audio_40.wav,সুলীগার শিক্াসললেই এনদেন্ড সাপ ধটেগার্দুটি র্মধ্যে গিরমীয় ব্যাতাহয়রিরে হনিরিববযা থায় নাত জ্যানে দার্সেমানে কো্র জল দেশেইগরমা জলতে ছৈজি আসনিকে সামাটা গধিয় বারাআনেগেনদলতে জলতি হনাককােরন।
1,rec_19_audio_31.wav,ভুয়া মাঝের চৃদির দায় বয়়াসাএদের দা়মামটাম পাড়িটাডিনীশিও রয়েছেকঠাৎ কারামার কেষবিএড গীতি মাতাতাটাইয়েএর নানেটা গীতি মাথে এখানী গীটি পাটাঠায়তাটাইয়ে মাথাথাতা বাহর করে নিয়ে আসে।
2,rec_19_audio_15.wav,গণ্ডৌলাত্ব মা়ের্ঘাত ঢাচামাচার্বপর্থ অকিথকলী পরও যেবানের থাইবে লি বাইচি একেছেতরপ আগলের ভললা দুইনির ফাগরতৈলিয়ে গেছে ইম্ডিয়ায় তিন্ডিওয় গ্যেসে করে জীবনের সপ্নয়এইনজলমতজআয়জীেমে োত যায়তিব তাওয়াগে দেছেন নই।
3,rec_19_audio_3.wav,ঝোহ়ালা তালিত কষেবননা মোলা আভিরে কয়েচল থাঁতোনা আথাকাই় গুরুয তৈদে তলি আইতবে কৃজান ওয়াল়ই সোকলি আইটি লাআবওয়ার ম্রে লা আওয়ায়ি সজ জাপনি ভাইগক যাগ টানতঐযায়ী সিত্রু জাতিয়া ন ইতেট খান।
4,rec_19_audio_14.wav,ধ্ ব্রধাকীত কাল ছের মগেলিনেনেগুলোবদিয়ে ছল নাবইগিয়ে ভইকে পালো নাম কিভইঞনি বইজঞানের শাভারস মাক্রাকারা দাধুর্নত এটি অভিরত লড়ালি রানার বার়ী থাকে না।
5,rec_19_audio_2.wav,তারা ছলি এগেছে জমাক দৈ তীন্দনাবার কিষুন বস্তা র আকবাড়িআমি আকার নাকৃদেই বনে বর লে দু ডেখা আয় লাবা নঅবেষাতা যাইতার জাইয়ে দেয়কি ও খাইয়ে গেছে আ কি বিয়ে লাগে নে আনে বাড়ি রত্ন প্রিকাজেলা বালো মাছ তাজ না়গুরু অনুষ্থাদ রান দেছে।
6,rec_19_audio_18.wav,তারবলদ্বারার ঘরাষ্থাসাথ বারভেটাছিল অবাথ্রলাচা্ড ট্যাক ট্যারা ওরসববুদ্ধি রেসিয়েখানাভাক্সককান বইজের ব্যারবিটার দেশেয়ে কোয়ান রাডানা কী আতোনোট বো়াংশের লকএক বাংশল লকা আনে বাড়ি য বারতে দেয়ে ছল ফাল ।
7,rec_19_audio_28.wav,অর্তৃক্দ্বূরু তআরর অধীন লোকদন ছিল ঢাকতারমাথকা রাণের থাঙগেমা আমি গুরুবা ওয়ারুম ভুক থাকে ধা দা টিকটা গোনটকারন সময়মূতওআরে খায়ানো বাগান সবিহত তি রে যে এইদেকে এবং বেহাধের লবজ হনার প্ের ঘাদা বালমত উল্লুত গি আসপ্রাম করাতকতা না।
8,rec_19_audio_10.wav,আর যে বোলাডানাসেতু গ্রানযতরা প্রে থাকে আয়টাননাবারমান হত বাদেদের মত দেলাটি এটি বাজা কৃষ্ণের কাজায়ও পিরা।
9,rec_19_audio_24.wav,সেই ডিয়ের নানা সুনে যে আয়নার ভালো ত ধীর প্রাচমাগের যবরডান সাতে কটা নএকটাপনেঅবেসাতা এই আছে এ আজনা গএ আছে কলা আ্দাবলে  অ প্রথম বহোদো নাকাযর় গেছলরোগ বায়েবাদন।
10,rec_20_audio_32.wav,তার কারকাৎশা থেকে এরিছে কাধীআসওঙে আলাহানী জ্যানগে হ কার কাশর ধারি তে্তা নে় যদুই নাম কিছু কতিনা।
11,rec_20_audio_21.wav,রিগরেরটেলা সিগরেটস তুমি কিগিঘা জিগ্রেড খাউাইকি ঝিগ্রেট খেলইংসে ধারেও লি মারিকাতেওরিেএ মত প্েথা্যে প্রেথাহিলাক্টাক থাকে আসদে আছ জা অজ গে এটো আডে এরা আরতের পথারা বাগমায়ী একজন নাকেন্দে হামা দি়যেন এইয়ও হয়ে।
12,rec_20_audio_22.wav,লাওয়ার আগায়আর জ্যাদিহকায় তা লালনা আল এই ময়ের পার ত ে অনেকযেলখে না আনদীহ়াএটা বিড়ি দেব একবার দুতি আত্মবরতমানা তিজিজ জিয়েকাবিরি দি লী তি দিতে পারেন।
13,rec_20_audio_8.wav,লালগি এই ওনাজগালে থাকি এই সাম্রতা ত মার়তে বালথেবা যোমাজে সে আরা ভালা পা গিআবারিটু কারাযায়তোমাসাথে বিয়ে আনরাা প্িয়ালারুটে উইয়ে বা দীরে গ্ঞান প্রতমান হুগেবে লিকিয়ায় অ্াংগীণ যরা যাহযা মিয়ি্যথ কেয়ামি কালা নিকে তায়।
14,rec_20_audio_3.wav,নাম কি তুয়়া পিটার নামকি স্বামির নামকি ছিলম মরে নায়ী তসলকাডা দুরে ছল নামু কিনাম কি।
15,rec_20_audio_15.wav,গোগাপেগোয়কাজের গোৌকালী আমারেরা আতের গোরর এখানি কিএআহি ওধাপ গুঘাবে মাদেরা আগলি কিয়য় নালাতে নিয়া ধিলি কিয় আলা রাথেনেই ি্য়া দি এটু মা ও যাগ ও়াআমানাতীরাতে রা।
16,rec_20_audio_6.wav,াওা়বায় মাহয়েব কম আছে ভুমাইয় এতা জালা ননারা ম না সুধরই ময়ার থহাতেনিয়েনামত কোনা বিরিক হামানেতষ্ত নিয়ে রে ধি তামযানেরে বিরিখা বা বিংসরে গাজাতো বলচা যা।
17,rec_20_audio_4.wav,সলের নামকি কোয়াইচের অনালেই রেরে ড্ায়তুমই সল তোমার ভ্যাটাক তয়ে সে তুমি ধারনা করেডাাবিরিধ্বলযীখতমিয়া রাইভিয়ে নইম্নিয়ন্তে কও আমি জ আসন্থি তাইকব।
18,rec_20_audio_2.wav,্যা কেউ রথিকদিঅন্য ভিটার নাম করয়েরা নিজির্ধার কতা ক  নীজির ভিটার নামকোএ পা।
19,rec_20_audio_41.wav,কীনাট বাহিকেত হায়তুইক তুই গি ঘুতেআকায় হারা নিয়এ জারালাংশআনার জালাদা নেনিরচলদের্টু তারা আদাপ ভার দুলের রূমেয় নয়।
20,rec_20_audio_38.wav,আবার কাজওবরত র্যায়সএরা আরার কাজগরতে তে নিয়ে গ দিলি কিয়া এপতা আবন বৈরী রাই তেডনে গেত ত্যা  নয়া।
21,rec_20_audio_7.wav,যিরা়ি মিয়ঙমূল বঙ্ডায় বিম লদিেষধক্তী স্বলে নাওয়ায়পিয়াওালয়ইয়ে গেজেই হযেগআরকেন কেটির মেয়াতকাম আঝারতাবা বিয়ে হাড়ে গের দেনা।
22,rec_20_audio_29.wav,নকি আর ক্াদী ওয়াই আমেকা রইয়গের যমলিদায়িফ আদীওয় আইদিদি মা আদ্রদেশ দাদু আদ্যযট্ন কত্ম তরেওাল রাজনাধে নেই।
23,rec_20_audio_1.wav,এই ওয়াজা হাত নি দেআ টাহা হিকে আয়বেলেতালএ গ্যা থেকে আব্মে লি কে দুই পুরু যয়ে গেছোনাতাব াযজদায়ে েোরে রযে দায়কেএ তবিটার নাম টিঘদে ড্ামরে জামনা তোমার বিটার নাম।
24,rec_20_audio_18.wav,াঐওুউস লম্বা বরইদাও উতপাল়ে তাকায়দথাকায় দা হতাকা যেতেনেখতে ছেনবেয়আসবাধি কয়ার বে্তোমারেধোমাজানী ছল সালনিয়আইসে।
25,rec_20_audio_14.wav,এ এগল মাইত্যেরকেমন গমাইত্যা নেগী 'রারা রাবামারনেসের মাইয়েরে আব্দি লিয়র সেতিষ্কে আয় উপদ্ধাম উদ দেলা আগেও গ্যাছ এলধাবা টআদদীন আগা ণি সার আগা আগান
26,rec_20_audio_23.wav,না াই ক্যাকোমরিআত আকাই তার ধীপর থিতি ডিনেরি  ভালা থায় সোনাখাপা নৈ বাদ করা খেপান নইকাউর রাওয়াইক ওয়াল নেই।
27,rec_20_audio_11.wav,র কোঞ্জা খাইয় ছিলে বিিতাতে আকলাঙগীখাতে পাডি ছিলে নাদাদরের কয়েছিলেন যা দুন বিরিখাও কয়ছিলে তাঁদাদ কিছু কো়না যা বৌবিরিংায় অর্যন্তণণিখেএ।
28,rec_20_audio_5.wav,সালভে কয়ার্ডাতোয়ারএপতা মিলিজা পতালে কে লছলভের কর্ডাতাইগালপ দুয় তুন নিয়ে তিনটি  মাইয়ে করডা।
29,rec_20_audio_30.wav,দাতনরীনেতাদলাত্ন রিসেবালি বালোয়া সানারালারঘাইকে আলেতার বালি ব বাদে বালবাস্ত নেয়ই কায়াতে তামিলে।
30,rec_20_audio_37.wav,তালবুল আজে দিকাককেলানরিকি়েইই অনেকটি লাল এরনলে তাাম্যারকিয়ারমানায়মদবথে গুর ক্থারতিনিছিন পন আখনাাায়।
31,rec_20_audio_28.wav,ত এমল হয় ় বাড়ি যে আছিল নাসবায়ধের ভিঠটা সগলের তনি একে জান দিকটি ইইনিয়া েনেরয়কে রেমাইয়ে কে অরি ডিআইয়ে নাসমাঘেল আকব্রামরায়তত কেতু আমার দাদর মত কালা বিটারি বিয়ের লিগে।
32,rec_20_audio_39.wav,দিলি কিয়াব ল্যারেওল়া একিয়াররার হুসুরি হনে আছেএর এক মার জিলায় হশসুরি হন আছে এ ঘাইন আছে দাদুকিয়ের যেকরাতীটররগানট তাকাআড।
33,rec_20_audio_27.wav,তোরা বাইবোন করেটা গাদিচাইড ডিয়ে বাই ক়্টা গো গৌলরস্কারে কতামনে আছে আছে র বাআইলমাতোরববে বাড়ি সে আরা হল বিয়ারাসর।
34,rec_20_audio_20.wav,রাঙলা শতার প্রজাত ডারমিয়ের জেকি দেনা তি না তিননাতিনি হয়তোমা না তিনবিডিনিয়া ইস্যাগপাকেটএ আমালকারাডি রা।
35,rec_20_audio_26.wav,তরএদ মাদেববা আসতি চেটো হরে ুকিছকালেকে কাইসুলাআর কিআরকি ছুনা
36,rec_20_audio_12.wav,এইক রইযিয়নওদুই দুই দুইজনে একসাথে খে দেবিরি লাখ যাযাানেতুরদেলি ক়রা হেতে বিরিইয়া তার ক্রায়খে আলছেন এ দেন।
37,rec_20_audio_17.wav,ই রাংদে আরা তুমি দানে পুরোহয়ে কেছো  তোমারানে কি গরিআল শ্াসক্তে আসে ন়আপনি লিকি আ বেতোমান নিয়ে এটাইডেলথেকে লদ্ধ ফেলেনেরাএ যে আরাকনাতৃতোমার  আরাক নাতী।
38,rec_20_audio_24.wav,ত এনার হনেিকে বাধ্মান এরা বাত্রামযযানাকিগাব দেনাগাপ খ্ষাপা নেয়েওয়াঘাপ গাব বিসি নআগিলে লেতনালে জ্াম তামিলা যে যরএদে গুদি জাওমে় জানে ছেনা।
39,rec_20_audio_34.wav,ক্যােল কালাশ ধাতা়দের ক্ালয় হুক য়ে মুটাগটিতেওপয়জেলা আসসাঞজে থি পাধ্যেস্যেপাঁজে মিয়া না বাধায়যর হযে।
40,rec_20_audio_31.wav,রা চানাি তার সরায়শ গুরম লেখির অঞ্শ লটেত উর্মী লেখির অ্শ লো উর্মিলে রেং নে আ কালন না নাআকাশ করিবার তনা বিডাগির হাতে য় অল্ভপবয়সে বর্ম রির গেলো।
41,rec_20_audio_40.wav,পলাবা আতপতকতমপর হিছকে এহাট ছলিতিামকি আটবয় দিদে জোয়ার্থ্র হা হুনকবাংলবার এর দায়তামা কে না আকেন।
42,rec_20_audio_13.wav,যটটাতেয়া যাত দুবেলে গালি উইয়েলে এছতেতাদরে কালীয় গ্যালিয়েটে ও়লে খালিইদাদর বেলে গালতটিতে না যে গ্ালে ও গ্ঞান তাই দাদ্যুত কযয়ছে মরায তাদর্ব কয়ে গেছে মরাথ আগে দে দেদি মাখালি গাইলয়েতে।
43,rec_20_audio_25.wav,কেসগাপ খালীই গাতের বৃদি জতি খায় গুধির করা যে জামবাড়ি যাবে নাহয়হায়ারতারপর তাক তেয়য়আরবারনের মত্তে এরা মুক্তি ভারবাণে মোতাআর দ্বাগা ত আলাদাতানা।
44,rec_20_audio_10.wav,তবেলে বিয়ার দিন বিডিনিয়ায় ছিলেআগাডাদীদিঙেই এলার থাগেটৈরে ওয় বি়াত দিন তাখাই ছিলে করে বাছর করেবাসর করে বিরিকায় ছিলেনায় থাকোঞ্জারা খায়ছিলেন।
45,rec_20_audio_35.wav,নারঅনিক অন্যতা করে ডানা রাবযনের চুল হিলো ভারিকাতা মেলা ছিলতার মলত কাইটে রহায়েগুলের ছোট সোয়ওকবাদন ম্যালাদু দেখতের এগমা দেকতি য়ারিষশাসবওাদায়ক তেরি।
46,rec_20_audio_33.wav,এয়ওকাতাও কিএরে হ্যালে খেলে আরেরতার পর মএজনদাদুত কালা ছিলো তরিৎ ছাতনা রাঙলা বিটাগে দ্বারের দায়িত্ব গুরোয়।
47,rec_20_audio_36.wav,এর ভত্য কাপ গেত যুপ আনেট এর ডাউন া রাল ডাবলা উগরীতে একে আনে ওয়ালে লায়া ও দামওয়াবা জজেজর হস।
48,rec_20_small_audio_0.wav,এহি
49,rec_20_audio_0.wav,তলের আতরী সবরআজা নীলমুহুযন্তেরে নয় এসাতর গায়ের প্রাধ্মাম টাতরী শেহ সেআত্দে লেবে নেঅজমা তোমা দায় আদে লি কিছু কমান নেই।
50,rec_20_audio_19.wav,বেয়েকর্পানিক এও করেকর্বা সলনিয়া সে দামদি এগেলিলাবাজন্দনা আলী নিওসথেয়েতমার চালিটি যতমা সয়েস কিরকম তাহিক কিরোমতী হবেরাঙা হিন্দর পরাক্রেখেে।
51,rec_20_audio_9.wav,াকালাাতোমার পিটা আমা সে কালা ছিল ় বাল তাকিত বাল ািত তাবেরিখাতে তআরা আরান বিরিখার দে চ ধেয়়ার নিজেে তা তোারধের তোমার বিটাবের িনে যেত।
52,rec_20_audio_16.wav,রণামাতি নাহজেন্যে গিয়ার স্বাধীন দ ৃতি লালযীন্ডের জেরাজা লাজলামাদলিনডাটা আদ্ধী তি ই পারেএদের আমকরতেয় না এওদা হাযেই য়াআদ্দুলি কিওয়।
53,rec_21_audio_32.wav,মাইয়ে পাকারার গূন উপের বিসলর বতের  রয়েথায় মমনপ্রামলকাল পরে আখ্রকাকাগরী দি তির র তথ্থেকে এ মৌবানি গানা আতীয়া় বেহত্কারে কালি আ ক্রতকাযের জন্য বম্ভস্থগের কড়ি সবাহী জূমহার বিতেহবে এই তাকাদের রাগ।
54,rec_21_audio_16.wav,সিরাদুথে ঠা আমারে দেন তৈইয়েই য়ালব থিজআসলি মাহিদ্দি দিবি দেয়ে গল হাায়ালয়কয়েটহা়বর ছতোমাগে আমাদে কালিয়ার মধ্যি দ্বারা ছেরা কয়েচাড়া উঠিতে অ়ন এটা হআমিে সুমি মিয় অথয়োজনা রসে কয়বাহাতি পারে আমে কথআমাদর ভূতানবঞ্জন।
55,rec_21_audio_31.wav,থেলই রা ঢাকারাবরদডে গর্থাককআগা লেপোলগুলাওরলতে ডাগীয পদিকয় ডাকায়হবেলিয বিভর্ষ মারাদে কার্মন জানীগরঙগার আমৃতয়আপন আমিসাইধি পরেই ফুল ভরতি করাউন ডাননি রোমে রআম্বি য়া গ ক উপতার পাকা খাবি খা।
56,rec_21_audio_33.wav,তা্বৎ ফলানীএরোপ্রতিনি মাঝে একজন একজন মারাগা দরা আগগন্ে রাজ প্রথবেন্দর মারাদয বিয়এঘি খব্রারাগকিকিনি ফরিক তোয়ে ই যে দরু মছনমনকে কুশুট হলে তারের আম্ধার ধাই নাঐ মিল আদলী গ্রর উদয় প্রথম দায়লা লিখেথেনেগাথক টাকা দিক্রিয় ডি আ তার কারা গাণা এখিযে আছে।
57,rec_21_audio_26.wav,ুরায়শা আগা আগবার তাকা লি আধধুনি পাধারকত থাকে এবন ধর্ঘিলু করপরে যঞ্য টাকা ধি বাহঝেহ  রাজ্যর প্রকাতায় দাবকথবেতৌর ডানাহাতি বাহমানে পরে ম্যাদামডামি ফোর্ডেই সাষনৈতি তাপ লা জামরেক কাথে় বাবেনআক দুজন কলি কিনায়নে একটি বলে তবে স্রবাইজকান্ সবাড়ে হবে।
58,rec_21_audio_44.wav,দাগা র় কেেছে বাডরি ঘরিছে হরে বাবাতারা আমরাত হসেপ হেয়য়ে ছে আখিল বারা মা গিবনসে লা এটাতেগেছে পাইংঘাতহের তেনে এটিংক থথিনি়য়েনতোমাগেি এই প্রজেট্টরিনান্ডারের দেতন দায়কটটাবেশ ফরম মিংরয়ের হোল আগার থী।
59,rec_21_audio_15.wav,কুমরামান একটি নার কথের জেলোকওযয়়ার্বে তার নাম বলারের নামাগেবিকর ইন্ডাবার বন্দে নাম থিন্তি কানরতেমা র ইদে শিয়রফরি পররেঐযে টা আজর ফনে টাকা দিতেবে টাকা আমাগেই যেে গে তিন্জন নানে একসন করি একেই কেছে পয়েছে ডাগে।
60,rec_21_audio_0.wav,তোন চাক্রিবা প্লেকিই রঙ্গাষ্টতাকৃত বালো তা পে হয়েএশিয়েছু সুমেয়ার স্টার থোর যে তলে দিজজঞা মাজরভার আদ্রথ পড়ার জন্যেই কু আগাদী আদীন সুল রয়েছে তিন দটি কা কাধিতে তাংড়া তরে।
61,rec_21_audio_2.wav,মারসা নামাজীবর্ত রিজা এয়াসা কুলাগিকপগুরু সবার অবস্থির উত্তরিতে নমাগি কালিয়াবভজিলার রামাগেঞ্যে সভাবতি হআছে বলে হয়ারি হেকিটা তাভার এ স্ষভাবতি ছরিপূর নামাজযিতে মাধাযয়় স্থাদেনির কাজতে  হাদিরি আনুষ্ঠেনরপরছর র।
62,rec_21_audio_19.wav,এ টাকারকমমারীতে বে তিরায়য়াগার লাখঠাফাইসেই নাভু ইজ্ঝাথায় এগেনদে নআভিদ্য জলের আবদুল্লতেই নেল কল বম কুিেলেছ নিএকেতে বাইরে টিন নানা কিরেেসা গাড়িয়ে গেরে জান হাতিব সারন জানদে রানা নিউন্নিরথুটসাার্মের নামদে জানাবানাতাএ তেডাটা মালক ায়দা কুফনা দুতে বাধ্তমা সা আমারেনি রে।
63,rec_21_audio_30.wav,ঐ যায় মিথনা রয়েন্থেপুরণুফীন ছূলনা নাম করার সরকারে তার করে তার একথেকেন্ট্র মূল নেয়াতো আরে ধরি ফুংসে কাজকরতরযাছোতাকা বিপ্রিযোব ইত্য়ত মিয়ে বরে পর টৃক্ষনালিকতে পনা আওয়ার আমাগে সভাবতেই।
64,rec_21_audio_24.wav,তাকাআতেমাডের ঘ্রথষা পরে আবেব গানকে নিস্টেনীয়েম মহিজার কারতীয় পাযজে নাযযে থাকাতিনি নিমিচকেতা পরাদে চার্থনা করেবেনতাই দিন জিয়ে পাথে মিডিং ডাক কে তারপর স্পয় নীল তাকা আজারোধ ধেকথক পাদ্দিন ধেরপ আবস্কারে।
65,rec_21_audio_14.wav,তারা দুই হাজাটাকা গরি ভাগে পড়িচত কনে পার ানজা রারএটাকাত ইসিয়ালো ইভি তিরিঈসম্বরে অনয়েছেই টাকা আরে কোন ব োলেন কোনা াছ করে লেকাকাক করে রাসতেনাদও গূমেন সেকর যাদি।
66,rec_21_audio_40.wav,সিকিয়ালয়ালই সেইতিয়তরম্যে স্বভাভপর্তী সেৈগযকারী পযাধাল লচালী মটে থাইয়ে নে নিনেটিং ডাইকিয়ে পন কলতমরা পারের হিশি কলপা হিল নীলী দীগী বিছোটতাইকে আমা আগে বচর দিয়েআমাদেরিত পাকা উঠর এ ছালওরয়েট হিছি ডায়এ প্রয়ে যা আনে প্তি মাঠে পায়।
67,rec_21_audio_4.wav,যেই ভটক বৃটি করে  একিলয়ী ছেল দুতাভা সিনি মায়ালারনী আছল আরও বাই দেলয়াল তিয়ে মাথায়তারকে দুই তিনবাইএলের ওঢ়াগে আবদুল লাছের নরযায় বিশ্বেরবারিও সিনিসি।
68,rec_21_audio_17.wav,পূজানববয়্জনত কলে হিসেবে পরের মনে করে আসিগ্রন চারআবিশেরপাট বার কতেলাইয়ে এসিয়ামযর কালিয়া সবাইটার রাজ্হতা মাদউল্গ দলের থথলকেয় বাজ্যকর কররে শার্ম্ানারসে তেনা আবি সলল ত আবদুল্লভলো দিতীযও ব্যাবিরা গাশ লাখ শা।
69,rec_21_audio_37.wav,ঐবানে ওতম আমিই ঘরিছেলান তামার ভ উদ্দেপনা আট্রায় গেথেকেঐরানঐ স্থি শরিভুল় আবদুল লাবার তদেতরে একনাটান ারে ছিলেনােতিমি না কয়েছিল শিশু নারে।
70,rec_21_audio_7.wav,এগে বিতরক রা়ট্পেতবর পন্দি়আনতেই টি স্থায়ার কিছু কা স্থাড়া করিছেএর আগে আগুজনামাঝে যোগতরে তরথম মযযরেজন নিল্ধারআড়্থে পে ছিলতোন স্রায়োজনে পারেটাকা উঠিত সোৎ্প জালাাগণ্য বয়রতমর্দিযু তাওরে সুল হিসেবের পাকাবিত।
71,rec_21_audio_10.wav,তিনিওই পধিবাদপরিভু লয়েটি ও যওরাগার মাচইযেছদরঐেক িম্লোন রেদাগারওর বাইযয়ে বাচ্তিয়ারমেযল এশিডেমাহা়মাল্যা বাইনি হথ  আআবন্বাই হবনলেগ ছোট  ইচেল দেয়।
72,rec_21_audio_34.wav,তেলয়াসেশা হলনা জাক্তিবালী ওরাজাঝে পরিযা করেে তাকাতা কেকতে এখরণনন েঠেএ এক কৃতোমাতে খালী তাইলের মধ্যী দেপাজবনায় তার কোন সমস্ঠালি হোরানহুনরার খালিয়াল নাবার লাহ করে।
73,rec_21_audio_12.wav,থরছেলেসেখনাকে তিন ঘটি ঠারদি আলেগ্রতিশ যত উপজেলা গতদনাথ সবা বাংলাদেশের যদ্থর ও পরো বাংলাদেশেে আহারতর ছবাই টা টাকা দেবন্ুদায়ী বাগ গতধনাথে সেইকরয়নীত বাবা হোজ জারা সিরাথু দিইনিয়ে।
74,rec_21_audio_23.wav,আর পরিয দমে তার তাজা জিন তাঁর ভিয়নন জন সাহিতে যোগাদক করি করিছে এটি পরিবে বেগন্তু য়ে করদে দিনি  িতে এদি দামকারর নাম বদ্দুরলন দর দা হোয়ার পরে তার্ভাররিতা ক্রাধে ক রে।
75,rec_21_audio_43.wav,বদল আমরা আস পরঠিক পো়াশটে দাত্ব দফতরে জালা মাযয়গেটিতরে দশ করি  সথাপতী এটি দাগা হাছিল তঐ ছোটকালিয়া জা জা রা য়েছে ওই ঘুমন লখর মাছে ারনফস্কুনি ঘেমন দাগুনারায হিযয়়ে রে যে সমাপরতি ছে।
76,rec_21_audio_35.wav,কেউপনঅসবিধা অসস্থৈলিটলি হেগুলোন তকুন না দেওনাকি হওয়ায়ইজেদে রয়েজে প্ আমিয়ারতছুরির আমার কলার একজনর অথ্থ কয়ে যে ন্ কমে আমাত কাঁছ নুখুয়ানি  বাথন রহি্নাথকপথাজি ইতিন েতে ভারি হি মাও লা়জারেকেনতা আমাত বাবে হরযেন।
77,rec_21_audio_27.wav,অবশ্যকাতার য়েনিি সবাই ধাবে চিন বন্বহালী ক একজন ্বিজনয় লেখতব বাবারী টাকা আমিজনা মা়ি দেওবন আমার কাদন্দি ইনি এগিলি বাগনিতেনই টাকায় আকার বুয়া আয় যাকরকাগা বেবহারের র্যান্ডারিকরেএয় পারভারবন দিলেই রেরাগালক।
78,rec_21_audio_22.wav,ঐ তিন বছরেও সুষ্রি বদ্ধ ছাল নাসে দিন বছর আমর বনার কয়ছে তারভরতার মুনর গা নে অননার্বনাজ দেনচাকরি পারমানেনা ই বন্ণত দার্মেন্ট কর্তরিয় নে দলয গন সজজীব শিকঞাসাজীবনে কঞথুদিক হযয়েছেকিন নামাল।
79,rec_21_audio_13.wav,এই নরাল এ লোয়াগারা আছে ্ নরায়লি শব্য এই চিন ফদরে দুই দেবে ওডবরাভেজে মাত্রা বিরদেহিং করেন ব্রমা হিসাবে ে বৃতর্ণ র তোম আছল এজ তারাবার রণিযেলেহলন আমাগে বোশি দিয়ে আয়বরদিক্বফ্ানেউন্ডাটা মামাগে বারো হজার থাগা গড়ি ঘডি ছিলয়েছেন কায়ে গুরে।
80,rec_21_audio_36.wav,তথে পাচ্রকা জারারের পারম্বার করেিবর কনি ফলাদ অর্পক্ক করে পিযে নিেঅচতটিক ককে রলে সবউরাআলি হতে হরারে না আচাটের তুমার মানের তয়ার কোনো এই নায়ীতল সামারুলা ঠাআঙ্গে যাওয়ারবেবর উটে আকর জর কেএদে আকাজ করে তারি ফরবরে ঠাকছেআমি ও জনীয়ই পরিগা হাযএব।
81,rec_21_audio_38.wav,তিনেময়ে টাকালভাৎ করণ কর ন তসালনকর করথে থাকা দীবীল আর্নকরেস মা কি ঢাাকাতো সাকা াবরাঠ পত্ম কাল পাচ করিয়র কুমি গিঝু খাতোঐ তাভারইও আমাগে বুতন তিনয় ভারা ী ভাগা মাগি তৈরিত নির্লত করে নি ঐ সাবরাজাদি কাজগুলো পরে পারুলিক্ার হাত্বে টিরে থটে খাথি করে না।
82,rec_21_audio_18.wav,তীরায় দফ লাফ তে য়াতানিমকয়ত আরয়েত আসীতনে রারোযোর উসেয়ান অব্যে় জন্য আরো সলু যন তলে আরও হোপনে করে যাযয়দেশতিয় একজন হাইযন্দার আগে পিরায়ী মাছে মাসে ঢাকে াকা আত উতহর কম্বয়ে তাক আধোমা দিতিয়াতর অছরকরণ।
83,rec_21_audio_28.wav,আরকেট ফাতা ৌশরী কারককার কর্পত কবনযে ডাক্ষাথ তায়ীধোল আইসে বক্ষী তা দিয়ে এ গডি জাবে তরি ছিলেএতামা কিয়েস্কোলাইদি সেসের ভন্নীয় টাকা আপ্না কররে নসএতে লাই গলা আবন্দর।
84,rec_21_audio_3.wav,কাকা ছিলয়যা ফেরোণির কাজ করতারেসথােরমৃতিবান চলকটা ছলয় কে মাছা জলআগে সুললয়কজনই সিফুমুনজদু পান্নাকুমান্য যায় মোহানদ্যু পানেড স্থাইডের লিলা থোত দলীদীফ তাদির।
85,rec_21_audio_11.wav,মিময়রওর আরাট টাথে বাই বাটি ছোটও সিবোন ও তালীে হিমুলী ছোটল এটি আমকর কেমিলায় বির্তিম বায়ুরাতন ক্রিকিয়াসে ওরাফ োয়ায় বাইবে লেছে নেলা বাহি প্রহেলাল ফাল রেনডে কারে।
86,rec_21_audio_1.wav,তাদার ফুল্লির হুটতু লিনি পরাযয়ীসে আন্তনিয়েছে ন ্রথনা বেশেস থিয়ে আমা গেেগলে সুির আবদস্শখাতারা র পরাই টাকাডা মাদুনিযার গে নার দেখা হরকেমে টআকা আংলাধের ইউনয়ের মির্থেডাইংশের একটি ব্যাংকেরেথা এই দ্েখটাপ্রীয়তোম গেনতে তা আউডেজে কি ডাসক ফাংলঅমসহার।
87,rec_21_audio_21.wav,তকে তেোমা ছুবিদ্ধা হ়ে বেদন কি আমনাত বিয়র সরবে পৌধেএকনিযয়ৈবিকষর  ন্রাদের দন চারি করনইনেয় তন্ত হাকের গেজে তবে গেদরে পমানে ললা দযয়়ারি মা ব্যাংকে টাকা টক্ষে আমাগের ব্যাংকেডোরএনিং তম্নাত গুন আছ ভাইনাছেে তার জনহাগীয়ব বোনাস।
88,rec_21_audio_25.wav,তান ই টার রমি সলবাই ্থপূরাযে কাইলের মধ্যে আক্রণ আসে সভাপতি একজন শেপেটেন ঐ থি নর রয়লিবাসেইযয়়েন হাথেনা বাংলা দেছেসারা ল আংলা ব ডাকাত্তাই সৌল দিরজ ই ঢাকার সভাপতিথেলল দেন হাঝাত মালেটাকতাআক ঘওয়া় উ র়ায়সে।
89,rec_21_audio_41.wav,<>
90,rec_21_audio_9.wav,<>
91,rec_21_audio_29.wav,<>
92,rec_21_audio_8.wav,<>
93,rec_21_audio_6.wav,<>
94,rec_21_audio_20.wav,<>
95,rec_21_audio_45.wav,<>
96,rec_21_audio_5.wav,<>
97,rec_21_small_audio_0.wav,<>
98,rec_21_audio_42.wav,<>
99,rec_21_audio_39.wav,<>
100,rec_22_audio_39.wav,<>
101,rec_22_audio_14.wav,<>
102,rec_22_audio_27.wav,<>
103,rec_22_audio_29.wav,<>
104,rec_22_audio_9.wav,<>
105,rec_22_audio_26.wav,<>
106,rec_22_audio_1.wav,<>
107,rec_22_small_audio_0.wav,<>
108,rec_22_audio_13.wav,<>
109,rec_22_audio_16.wav,<>
110,rec_22_audio_10.wav,<>
111,rec_22_audio_25.wav,<>
112,rec_22_audio_20.wav,<>
113,rec_22_audio_5.wav,<>
114,rec_22_audio_2.wav,<>
115,rec_22_audio_38.wav,<>
116,rec_22_audio_4.wav,<>
117,rec_22_audio_7.wav,<>
118,rec_22_audio_6.wav,<>
119,rec_22_audio_35.wav,<>
120,rec_22_audio_37.wav,<>
121,rec_22_audio_23.wav,<>
122,rec_22_audio_0.wav,<>
123,rec_22_audio_15.wav,<>
124,rec_22_audio_28.wav,<>
125,rec_22_audio_33.wav,<>
126,rec_22_audio_11.wav,<>
127,rec_22_audio_30.wav,<>
128,rec_22_audio_24.wav,<>
129,rec_22_audio_34.wav,<>
130,rec_22_audio_18.wav,<>
131,rec_22_audio_32.wav,<>
132,rec_22_audio_12.wav,<>
133,rec_22_audio_17.wav,<>
134,rec_22_audio_8.wav,<>
135,rec_22_audio_36.wav,<>
136,rec_22_audio_3.wav,<>
137,rec_22_audio_22.wav,<>
138,rec_22_audio_21.wav,<>
139,rec_22_audio_31.wav,<>
140,rec_22_audio_19.wav,<>
141,rec_23_audio_75.wav,<>
142,rec_23_audio_6.wav,<>
143,rec_23_audio_60.wav,<>
144,rec_23_audio_33.wav,<>
145,rec_23_audio_68.wav,<>
146,rec_23_audio_17.wav,<>
147,rec_23_audio_1.wav,<>
148,rec_23_audio_15.wav,<>
149,rec_23_audio_24.wav,<>
150,rec_23_audio_37.wav,<>
151,rec_23_audio_7.wav,<>
152,rec_23_audio_57.wav,<>
153,rec_23_audio_64.wav,<>
154,rec_23_audio_69.wav,<>
155,rec_23_audio_45.wav,<>
156,rec_23_audio_41.wav,<>
157,rec_23_audio_58.wav,<>
158,rec_23_audio_47.wav,<>
159,rec_23_audio_4.wav,<>
160,rec_23_audio_20.wav,<>
161,rec_23_audio_53.wav,<>
162,rec_23_audio_72.wav,<>
163,rec_23_audio_38.wav,<>
164,rec_23_audio_27.wav,<>
165,rec_23_audio_34.wav,<>
166,rec_23_audio_26.wav,<>
167,rec_23_audio_66.wav,<>
168,rec_23_audio_18.wav,<>
169,rec_23_audio_9.wav,<>
170,rec_23_audio_29.wav,<>
171,rec_23_audio_63.wav,<>
172,rec_23_audio_50.wav,<>
173,rec_23_audio_49.wav,<>
174,rec_23_audio_65.wav,<>
175,rec_23_audio_0.wav,<>
176,rec_23_audio_32.wav,<>
177,rec_23_audio_59.wav,<>
178,rec_23_audio_31.wav,<>
179,rec_23_audio_14.wav,<>
180,rec_23_audio_67.wav,<>
181,rec_23_audio_54.wav,<>
182,rec_23_audio_3.wav,<>
183,rec_23_audio_12.wav,<>
184,rec_23_audio_74.wav,<>
185,rec_23_audio_22.wav,<>
186,rec_23_audio_28.wav,<>
187,rec_23_audio_10.wav,<>
188,rec_23_audio_70.wav,<>
189,rec_23_audio_55.wav,<>
190,rec_23_audio_16.wav,<>
191,rec_23_audio_35.wav,<>
192,rec_23_audio_76.wav,<>
193,rec_23_audio_44.wav,<>
194,rec_23_audio_13.wav,<>
195,rec_23_audio_2.wav,<>
196,rec_23_audio_62.wav,<>
197,rec_23_audio_40.wav,<>
198,rec_23_audio_36.wav,<>
199,rec_23_audio_19.wav,<>
200,rec_23_audio_25.wav,<>
201,rec_23_audio_61.wav,<>
202,rec_23_audio_21.wav,<>
203,rec_23_audio_46.wav,<>
204,rec_23_audio_43.wav,<>
205,rec_23_audio_5.wav,<>
206,rec_23_audio_48.wav,<>
207,rec_23_audio_11.wav,<>
208,rec_23_audio_30.wav,<>
209,rec_23_audio_73.wav,<>
210,rec_23_audio_39.wav,<>
211,rec_23_audio_52.wav,<>
212,rec_23_audio_42.wav,<>
213,rec_23_audio_56.wav,<>
214,rec_23_audio_71.wav,<>
215,rec_23_audio_8.wav,<>
216,rec_23_audio_51.wav,<>
217,rec_23_audio_77.wav,<>
218,rec_23_audio_23.wav,<>
219,rec_24_audio_35.wav,<>
220,rec_24_audio_24.wav,<>
221,rec_24_audio_41.wav,<>
222,rec_24_audio_16.wav,<>
223,rec_24_audio_23.wav,<>
224,rec_24_audio_10.wav,<>
225,rec_24_audio_29.wav,<>
226,rec_24_audio_36.wav,<>
227,rec_24_audio_20.wav,<>
228,rec_24_small_audio_0.wav,<>
229,rec_24_audio_33.wav,<>
230,rec_24_audio_1.wav,<>
231,rec_24_audio_11.wav,<>
232,rec_24_audio_8.wav,<>
233,rec_24_audio_0.wav,<>
234,rec_24_audio_19.wav,<>
235,rec_24_audio_32.wav,<>
236,rec_24_audio_4.wav,<>
237,rec_24_audio_6.wav,<>
238,rec_24_audio_27.wav,<>
239,rec_24_audio_13.wav,<>
240,rec_24_audio_25.wav,<>
241,rec_24_audio_34.wav,<>
242,rec_24_audio_42.wav,<>
243,rec_24_audio_26.wav,<>
244,rec_24_audio_9.wav,<>
245,rec_24_audio_38.wav,<>
246,rec_24_audio_17.wav,<>
247,rec_24_audio_7.wav,<>
248,rec_24_audio_2.wav,<>
249,rec_24_audio_39.wav,<>
250,rec_24_audio_14.wav,<>
251,rec_24_audio_28.wav,<>
252,rec_24_audio_15.wav,<>
253,rec_24_audio_3.wav,<>
254,rec_24_audio_40.wav,<>
255,rec_24_audio_5.wav,<>
256,rec_24_audio_22.wav,<>
257,rec_24_audio_30.wav,<>
258,rec_24_audio_37.wav,<>
259,rec_24_audio_21.wav,<>
260,rec_24_audio_12.wav,<>
261,rec_24_audio_18.wav,<>
262,rec_24_audio_31.wav,<>
263,rec_25_audio_20.wav,<>
264,rec_25_audio_2.wav,<>
265,rec_25_audio_6.wav,<>
266,rec_25_audio_3.wav,<>
267,rec_25_audio_31.wav,<>
268,rec_25_audio_30.wav,<>
269,rec_25_audio_12.wav,<>
270,rec_25_audio_17.wav,<>
271,rec_25_audio_22.wav,<>
272,rec_25_audio_18.wav,<>
273,rec_25_audio_29.wav,<>
274,rec_25_small_audio_1.wav,<>
275,rec_25_audio_13.wav,<>
276,rec_25_audio_4.wav,<>
277,rec_25_audio_10.wav,<>
278,rec_25_audio_25.wav,<>
279,rec_25_small_audio_2.wav,<>
280,rec_25_small_audio_0.wav,<>
281,rec_25_audio_19.wav,<>
282,rec_25_audio_5.wav,<>
283,rec_25_audio_21.wav,<>
284,rec_25_audio_32.wav,<>
285,rec_25_audio_11.wav,<>
286,rec_25_audio_26.wav,<>
287,rec_25_audio_23.wav,<>
288,rec_25_audio_27.wav,<>
289,rec_25_audio_8.wav,<>
290,rec_25_audio_9.wav,<>
291,rec_25_audio_14.wav,<>
292,rec_25_audio_0.wav,<>
293,rec_25_audio_7.wav,<>
294,rec_25_audio_24.wav,<>
295,rec_25_audio_33.wav,<>
296,rec_25_audio_15.wav,<>
297,rec_25_audio_35.wav,<>
298,rec_25_audio_36.wav,<>
299,rec_25_audio_34.wav,<>
300,rec_25_audio_28.wav,<>
301,rec_25_audio_1.wav,<>
302,rec_25_audio_16.wav,<>
303,rec_26_audio_36.wav,<>
304,rec_26_audio_31.wav,<>
305,rec_26_audio_47.wav,<>
306,rec_26_audio_0.wav,<>
307,rec_26_audio_14.wav,<>
308,rec_26_audio_3.wav,<>
309,rec_26_audio_38.wav,<>
310,rec_26_audio_37.wav,<>
311,rec_26_audio_35.wav,<>
312,rec_26_audio_8.wav,<>
313,rec_26_audio_15.wav,<>
314,rec_26_audio_32.wav,<>
315,rec_26_audio_19.wav,<>
316,rec_26_audio_23.wav,<>
317,rec_26_audio_4.wav,<>
318,rec_26_audio_30.wav,<>
319,rec_26_audio_34.wav,<>
320,rec_26_audio_41.wav,<>
321,rec_26_audio_40.wav,<>
322,rec_26_audio_44.wav,<>
323,rec_26_audio_25.wav,<>
324,rec_26_audio_29.wav,<>
325,rec_26_audio_52.wav,<>
326,rec_26_audio_21.wav,<>
327,rec_26_audio_28.wav,<>
328,rec_26_audio_11.wav,<>
329,rec_26_audio_42.wav,<>
330,rec_26_audio_50.wav,<>
331,rec_26_audio_39.wav,<>
332,rec_26_audio_13.wav,<>
333,rec_26_audio_26.wav,<>
334,rec_26_audio_22.wav,<>
335,rec_26_audio_24.wav,<>
336,rec_26_audio_18.wav,<>
337,rec_26_audio_27.wav,<>
338,rec_26_audio_16.wav,<>
339,rec_26_audio_1.wav,<>
340,rec_26_audio_43.wav,<>
341,rec_26_audio_17.wav,<>
342,rec_26_audio_12.wav,<>
343,rec_26_audio_48.wav,<>
344,rec_26_audio_45.wav,<>
345,rec_26_audio_49.wav,<>
346,rec_26_audio_5.wav,<>
347,rec_26_audio_54.wav,<>
348,rec_26_audio_7.wav,<>
349,rec_26_audio_33.wav,<>
350,rec_26_audio_20.wav,<>
351,rec_26_audio_6.wav,<>
352,rec_26_audio_2.wav,<>
353,rec_26_audio_51.wav,<>
354,rec_26_audio_10.wav,<>
355,rec_26_audio_9.wav,<>
356,rec_26_audio_46.wav,<>
357,rec_26_audio_53.wav,<>
358,rec_27_audio_12.wav,<>
359,rec_27_audio_27.wav,<>
360,rec_27_audio_15.wav,<>
361,rec_27_audio_6.wav,<>
362,rec_27_audio_26.wav,<>
363,rec_27_audio_19.wav,<>
364,rec_27_audio_17.wav,<>
365,rec_27_audio_18.wav,<>
366,rec_27_audio_1.wav,<>
367,rec_27_audio_8.wav,<>
368,rec_27_audio_3.wav,<>
369,rec_27_audio_4.wav,<>
370,rec_27_audio_25.wav,<>
371,rec_27_audio_2.wav,<>
372,rec_27_audio_10.wav,<>
373,rec_27_audio_21.wav,<>
374,rec_27_audio_14.wav,<>
375,rec_27_audio_13.wav,<>
376,rec_27_audio_5.wav,<>
377,rec_27_audio_9.wav,<>
378,rec_27_audio_16.wav,<>
379,rec_27_audio_0.wav,<>
380,rec_27_audio_22.wav,<>
381,rec_27_audio_20.wav,<>
382,rec_27_audio_24.wav,<>
383,rec_27_audio_11.wav,<>
384,rec_27_audio_23.wav,<>
385,rec_27_audio_28.wav,<>
386,rec_27_audio_7.wav,<>
387,rec_28_audio_27.wav,<>
388,rec_28_audio_6.wav,<>
389,rec_28_audio_13.wav,<>
390,rec_28_audio_0.wav,<>
391,rec_28_audio_5.wav,<>
392,rec_28_audio_19.wav,<>
393,rec_28_big_audio_0.wav,<>
394,rec_28_small_audio_0.wav,<>
395,rec_28_audio_24.wav,<>
396,rec_28_audio_23.wav,<>
397,rec_28_audio_32.wav,<>
398,rec_28_audio_22.wav,<>
399,rec_28_audio_26.wav,<>
400,rec_28_audio_28.wav,<>
401,rec_28_audio_17.wav,<>
402,rec_28_audio_20.wav,<>
403,rec_28_audio_1.wav,<>
404,rec_28_audio_10.wav,<>
405,rec_28_audio_7.wav,<>
406,rec_28_audio_2.wav,<>
407,rec_28_audio_14.wav,<>
408,rec_28_audio_18.wav,<>
409,rec_28_audio_25.wav,<>
410,rec_28_audio_12.wav,<>
411,rec_28_audio_9.wav,<>
412,rec_28_audio_16.wav,<>
413,rec_28_audio_4.wav,<>
414,rec_28_audio_3.wav,<>
415,rec_28_audio_8.wav,<>
416,rec_28_audio_30.wav,<>
417,rec_28_audio_11.wav,<>
418,rec_28_audio_15.wav,<>
419,rec_28_audio_31.wav,<>
420,rec_28_audio_21.wav,<>
421,rec_28_audio_29.wav,<>
422,rec_28_small_audio_1.wav,<>
423,rec_29_audio_67.wav,<>
424,rec_29_audio_34.wav,<>
425,rec_29_audio_1.wav,<>
426,rec_29_audio_9.wav,<>
427,rec_29_audio_14.wav,<>
428,rec_29_audio_38.wav,<>
429,rec_29_audio_57.wav,<>
430,rec_29_audio_31.wav,<>
431,rec_29_audio_73.wav,<>
432,rec_29_audio_59.wav,<>
433,rec_29_audio_45.wav,<>
434,rec_29_audio_58.wav,<>
435,rec_29_audio_70.wav,<>
436,rec_29_audio_4.wav,<>
437,rec_29_audio_55.wav,<>
438,rec_29_audio_71.wav,<>
439,rec_29_audio_23.wav,<>
440,rec_29_audio_63.wav,<>
441,rec_29_audio_64.wav,<>
442,rec_29_audio_33.wav,<>
443,rec_29_audio_24.wav,<>
444,rec_29_audio_40.wav,<>
445,rec_29_audio_25.wav,<>
446,rec_29_audio_50.wav,<>
447,rec_29_audio_27.wav,<>
448,rec_29_audio_69.wav,<>
449,rec_29_audio_32.wav,<>
450,rec_29_audio_49.wav,<>
451,rec_29_audio_52.wav,<>
452,rec_29_audio_53.wav,<>
453,rec_29_audio_11.wav,<>
454,rec_29_audio_10.wav,<>
455,rec_29_audio_39.wav,<>
456,rec_29_audio_18.wav,<>
457,rec_29_audio_36.wav,<>
458,rec_29_audio_22.wav,<>
459,rec_29_audio_62.wav,<>
460,rec_29_audio_48.wav,<>
461,rec_29_audio_5.wav,<>
462,rec_29_small_audio_0.wav,<>
463,rec_29_audio_72.wav,<>
464,rec_29_audio_68.wav,<>
465,rec_29_audio_37.wav,<>
466,rec_29_audio_3.wav,<>
467,rec_29_audio_12.wav,<>
468,rec_29_audio_13.wav,<>
469,rec_29_audio_28.wav,<>
470,rec_29_audio_66.wav,<>
471,rec_29_audio_2.wav,<>
472,rec_29_audio_46.wav,<>
473,rec_29_audio_65.wav,<>
474,rec_29_audio_26.wav,<>
475,rec_29_audio_51.wav,<>
476,rec_29_audio_8.wav,<>
477,rec_29_audio_21.wav,<>
478,rec_29_audio_61.wav,<>
479,rec_29_audio_0.wav,<>
480,rec_29_audio_35.wav,<>
481,rec_29_audio_16.wav,<>
482,rec_29_audio_56.wav,<>
483,rec_29_audio_41.wav,<>
484,rec_29_big_audio_0.wav,<>
485,rec_29_audio_19.wav,<>
486,rec_29_audio_43.wav,<>
487,rec_29_audio_7.wav,<>
488,rec_29_audio_42.wav,<>
489,rec_29_audio_20.wav,<>
490,rec_29_audio_54.wav,<>
491,rec_29_audio_17.wav,<>
492,rec_29_audio_44.wav,<>
493,rec_29_audio_30.wav,<>
494,rec_29_audio_60.wav,<>
495,rec_29_audio_6.wav,<>
496,rec_29_audio_15.wav,<>
497,rec_29_audio_29.wav,<>
498,rec_29_audio_47.wav,<>
499,rec_30_audio_18.wav,<>
500,rec_30_audio_6.wav,<>
501,rec_30_audio_35.wav,<>
502,rec_30_audio_8.wav,<>
503,rec_30_audio_20.wav,<>
504,rec_30_audio_12.wav,<>
505,rec_30_audio_19.wav,<>
506,rec_30_audio_7.wav,<>
507,rec_30_audio_13.wav,<>
508,rec_30_audio_0.wav,<>
509,rec_30_audio_33.wav,<>
510,rec_30_audio_10.wav,<>
511,rec_30_audio_5.wav,<>
512,rec_30_audio_30.wav,<>
513,rec_30_audio_3.wav,<>
514,rec_30_audio_34.wav,<>
515,rec_30_audio_14.wav,<>
516,rec_30_audio_21.wav,<>
517,rec_30_audio_31.wav,<>
518,rec_30_audio_17.wav,<>
519,rec_30_audio_9.wav,<>
520,rec_30_audio_23.wav,<>
521,rec_30_audio_11.wav,<>
522,rec_30_audio_15.wav,<>
523,rec_30_audio_25.wav,<>
524,rec_30_audio_4.wav,<>
525,rec_30_audio_1.wav,<>
526,rec_30_audio_27.wav,<>
527,rec_30_audio_29.wav,<>
528,rec_30_audio_32.wav,<>
529,rec_30_audio_22.wav,<>
530,rec_30_audio_16.wav,<>
531,rec_30_audio_28.wav,<>
532,rec_30_audio_24.wav,<>
533,rec_30_audio_37.wav,<>
534,rec_30_audio_2.wav,<>
535,rec_30_audio_26.wav,<>
536,rec_30_audio_36.wav,<>
537,rec_30_audio_39.wav,<>
538,rec_30_audio_41.wav,<>
539,rec_30_audio_42.wav,<>
540,rec_30_audio_38.wav,<>
541,rec_30_small_audio_0.wav,<>
542,rec_30_audio_43.wav,<>
543,rec_30_audio_44.wav,<>
544,rec_30_audio_46.wav,<>
545,rec_30_audio_40.wav,<>
546,rec_30_audio_45.wav,<>
547,rec_31_audio_2.wav,<>
548,rec_31_small_audio_1.wav,<>
549,rec_31_audio_23.wav,<>
550,rec_31_audio_17.wav,<>
551,rec_31_audio_11.wav,<>
552,rec_31_audio_8.wav,<>
553,rec_31_audio_3.wav,<>
554,rec_31_audio_1.wav,<>
555,rec_31_audio_22.wav,<>
556,rec_31_audio_12.wav,<>
557,rec_31_audio_5.wav,<>
558,rec_31_audio_18.wav,<>
559,rec_31_audio_7.wav,<>
560,rec_31_audio_20.wav,<>
561,rec_31_big_audio_0.wav,<>
562,rec_31_big_audio_2.wav,<>
563,rec_31_audio_13.wav,<>
564,rec_31_audio_10.wav,<>
565,rec_31_big_audio_4.wav,<>
566,rec_31_audio_0.wav,<>
567,rec_31_audio_19.wav,<>
568,rec_31_small_audio_0.wav,<>
569,rec_31_audio_21.wav,<>
570,rec_31_audio_9.wav,<>
571,rec_31_small_audio_2.wav,<>
572,rec_31_small_audio_3.wav,<>
573,rec_31_audio_15.wav,<>
574,rec_31_audio_14.wav,<>
575,rec_31_audio_6.wav,<>
576,rec_31_audio_16.wav,<>
577,rec_31_audio_4.wav,<>
578,rec_31_audio_24.wav,<>
579,rec_31_small_audio_4.wav,<>
580,rec_32_audio_26.wav,<>
581,rec_32_audio_10.wav,<>
582,rec_32_audio_31.wav,<>
583,rec_32_audio_22.wav,<>
584,rec_32_audio_14.wav,<>
585,rec_32_audio_41.wav,<>
586,rec_32_audio_34.wav,<>
587,rec_32_audio_4.wav,<>
588,rec_32_audio_28.wav,<>
589,rec_32_audio_25.wav,<>
590,rec_32_audio_15.wav,<>
591,rec_32_audio_35.wav,<>
592,rec_32_audio_13.wav,<>
593,rec_32_audio_12.wav,<>
594,rec_32_audio_21.wav,<>
595,rec_32_audio_6.wav,<>
596,rec_32_audio_42.wav,<>
597,rec_32_audio_20.wav,<>
598,rec_32_audio_16.wav,<>
599,rec_32_audio_8.wav,<>
600,rec_32_audio_47.wav,<>
601,rec_32_audio_3.wav,<>
602,rec_32_audio_48.wav,<>
603,rec_32_audio_11.wav,<>
604,rec_32_audio_2.wav,<>
605,rec_32_audio_5.wav,<>
606,rec_32_audio_18.wav,<>
607,rec_32_audio_54.wav,<>
608,rec_32_audio_46.wav,<>
609,rec_32_audio_38.wav,<>
610,rec_32_audio_53.wav,<>
611,rec_32_audio_23.wav,<>
612,rec_32_audio_33.wav,<>
613,rec_32_audio_27.wav,<>
614,rec_32_audio_7.wav,<>
615,rec_32_audio_43.wav,<>
616,rec_32_audio_9.wav,<>
617,rec_32_audio_40.wav,<>
618,rec_32_audio_39.wav,<>
619,rec_32_audio_30.wav,<>
620,rec_32_audio_50.wav,<>
621,rec_32_audio_45.wav,<>
622,rec_32_audio_1.wav,<>
623,rec_32_audio_52.wav,<>
624,rec_32_audio_32.wav,<>
625,rec_32_audio_24.wav,<>
626,rec_32_audio_37.wav,<>
627,rec_32_audio_56.wav,<>
628,rec_32_audio_55.wav,<>
629,rec_32_audio_0.wav,<>
630,rec_32_audio_49.wav,<>
631,rec_32_audio_19.wav,<>
632,rec_32_audio_51.wav,<>
633,rec_32_audio_29.wav,<>
634,rec_32_audio_36.wav,<>
635,rec_32_audio_44.wav,<>
636,rec_32_audio_17.wav,<>
637,rec_33_audio_3.wav,<>
638,rec_33_audio_4.wav,<>
639,rec_33_audio_1.wav,<>
640,rec_33_audio_0.wav,<>
641,rec_33_audio_2.wav,<>
642,rec_33_audio_21.wav,<>
643,rec_33_audio_45.wav,<>
644,rec_33_audio_14.wav,<>
645,rec_33_audio_33.wav,<>
646,rec_33_audio_37.wav,<>
647,rec_33_audio_11.wav,<>
648,rec_33_audio_20.wav,<>
649,rec_33_audio_39.wav,<>
650,rec_33_audio_28.wav,<>
651,rec_33_audio_30.wav,<>
652,rec_33_audio_10.wav,<>
653,rec_33_audio_25.wav,<>
654,rec_33_audio_9.wav,<>
655,rec_33_audio_15.wav,<>
656,rec_33_audio_29.wav,<>
657,rec_33_audio_24.wav,<>
658,rec_33_audio_49.wav,<>
659,rec_33_audio_40.wav,<>
660,rec_33_audio_34.wav,<>
661,rec_33_audio_5.wav,<>
662,rec_33_audio_38.wav,<>
663,rec_33_audio_8.wav,<>
664,rec_33_audio_22.wav,<>
665,rec_33_audio_26.wav,<>
666,rec_33_audio_43.wav,<>
667,rec_33_audio_42.wav,<>
668,rec_33_audio_31.wav,<>
669,rec_33_audio_41.wav,<>
670,rec_33_audio_48.wav,<>
671,rec_33_audio_51.wav,<>
672,rec_33_audio_36.wav,<>
673,rec_33_audio_47.wav,<>
674,rec_33_audio_7.wav,<>
675,rec_33_audio_23.wav,<>
676,rec_33_audio_17.wav,<>
677,rec_33_audio_16.wav,<>
678,rec_33_audio_19.wav,<>
679,rec_33_audio_6.wav,<>
680,rec_33_audio_12.wav,<>
681,rec_33_audio_27.wav,<>
682,rec_33_audio_18.wav,<>
683,rec_33_audio_50.wav,<>
684,rec_33_audio_32.wav,<>
685,rec_33_audio_52.wav,<>
686,rec_33_audio_35.wav,<>
687,rec_33_audio_46.wav,<>
688,rec_33_audio_44.wav,<>
689,rec_33_audio_13.wav,<>
690,rec_34_audio_34.wav,<>
691,rec_34_audio_18.wav,<>
692,rec_34_audio_10.wav,<>
693,rec_34_audio_13.wav,<>
694,rec_34_audio_54.wav,<>
695,rec_34_audio_57.wav,<>
696,rec_34_audio_33.wav,<>
697,rec_34_audio_23.wav,<>
698,rec_34_audio_29.wav,<>
699,rec_34_audio_24.wav,<>
700,rec_34_audio_9.wav,<>
701,rec_34_audio_5.wav,<>
702,rec_34_audio_65.wav,<>
703,rec_34_audio_55.wav,<>
704,rec_34_audio_47.wav,<>
705,rec_34_audio_51.wav,<>
706,rec_34_audio_68.wav,<>
707,rec_34_audio_53.wav,<>
708,rec_34_audio_17.wav,<>
709,rec_34_audio_19.wav,<>
710,rec_34_audio_58.wav,<>
711,rec_34_audio_14.wav,<>
712,rec_34_audio_37.wav,<>
713,rec_34_audio_15.wav,<>
714,rec_34_audio_64.wav,<>
715,rec_34_audio_44.wav,<>
716,rec_34_audio_43.wav,<>
717,rec_34_audio_70.wav,<>
718,rec_34_audio_28.wav,<>
719,rec_34_audio_12.wav,<>
720,rec_34_audio_41.wav,<>
721,rec_34_audio_4.wav,<>
722,rec_34_audio_62.wav,<>
723,rec_34_audio_35.wav,<>
724,rec_34_audio_3.wav,<>
725,rec_34_audio_66.wav,<>
726,rec_34_audio_38.wav,<>
727,rec_34_audio_59.wav,<>
728,rec_34_audio_6.wav,<>
729,rec_34_audio_25.wav,<>
730,rec_34_audio_52.wav,<>
731,rec_34_audio_31.wav,<>
732,rec_34_audio_8.wav,<>
733,rec_34_audio_49.wav,<>
734,rec_34_audio_39.wav,<>
735,rec_34_audio_61.wav,<>
736,rec_34_audio_63.wav,<>
737,rec_34_audio_60.wav,<>
738,rec_34_audio_7.wav,<>
739,rec_34_audio_26.wav,<>
740,rec_34_audio_45.wav,<>
741,rec_34_audio_67.wav,<>
742,rec_34_audio_42.wav,<>
743,rec_34_audio_30.wav,<>
744,rec_34_audio_32.wav,<>
745,rec_34_audio_69.wav,<>
746,rec_34_audio_50.wav,<>
747,rec_34_audio_16.wav,<>
748,rec_34_audio_2.wav,<>
749,rec_34_audio_1.wav,<>
750,rec_34_audio_48.wav,<>
751,rec_34_audio_46.wav,<>
752,rec_34_audio_0.wav,<>
753,rec_34_audio_27.wav,<>
754,rec_34_audio_56.wav,<>
755,rec_34_audio_20.wav,<>
756,rec_34_audio_22.wav,<>
757,rec_34_audio_36.wav,<>
758,rec_34_audio_11.wav,<>
759,rec_34_audio_21.wav,<>
760,rec_34_audio_40.wav,<>
761,rec_35_audio_11.wav,<>
762,rec_35_audio_71.wav,<>
763,rec_35_audio_18.wav,<>
764,rec_35_audio_6.wav,<>
765,rec_35_audio_8.wav,<>
766,rec_35_audio_49.wav,<>
767,rec_35_audio_25.wav,<>
768,rec_35_audio_34.wav,<>
769,rec_35_audio_21.wav,<>
770,rec_35_audio_69.wav,<>
771,rec_35_audio_52.wav,<>
772,rec_35_audio_46.wav,<>
773,rec_35_audio_23.wav,<>
774,rec_35_audio_16.wav,<>
775,rec_35_audio_17.wav,<>
776,rec_35_audio_40.wav,<>
777,rec_35_audio_35.wav,<>
778,rec_35_audio_48.wav,<>
779,rec_35_audio_70.wav,<>
780,rec_35_audio_27.wav,<>
781,rec_35_audio_24.wav,<>
782,rec_35_audio_60.wav,<>
783,rec_35_audio_58.wav,<>
784,rec_35_audio_1.wav,<>
785,rec_35_audio_32.wav,<>
786,rec_35_audio_9.wav,<>
787,rec_35_audio_10.wav,<>
788,rec_35_audio_36.wav,<>
789,rec_35_audio_37.wav,<>
790,rec_35_audio_64.wav,<>
791,rec_35_audio_38.wav,<>
792,rec_35_audio_63.wav,<>
793,rec_35_audio_0.wav,<>
794,rec_35_audio_31.wav,<>
795,rec_35_audio_56.wav,<>
796,rec_35_audio_44.wav,<>
797,rec_35_audio_29.wav,<>
798,rec_35_audio_7.wav,<>
799,rec_35_audio_50.wav,<>
800,rec_35_audio_47.wav,<>
801,rec_35_audio_61.wav,<>
802,rec_35_audio_73.wav,<>
803,rec_35_audio_62.wav,<>
804,rec_35_audio_65.wav,<>
805,rec_35_audio_14.wav,<>
806,rec_35_audio_12.wav,<>
807,rec_35_audio_3.wav,<>
808,rec_35_audio_54.wav,<>
809,rec_35_audio_45.wav,<>
810,rec_35_audio_20.wav,<>
811,rec_35_audio_67.wav,<>
812,rec_35_audio_43.wav,<>
813,rec_35_audio_57.wav,<>
814,rec_35_audio_30.wav,<>
815,rec_35_audio_5.wav,<>
816,rec_35_audio_55.wav,<>
817,rec_35_audio_33.wav,<>
818,rec_35_audio_19.wav,<>
819,rec_35_audio_13.wav,<>
820,rec_35_audio_68.wav,<>
821,rec_35_audio_4.wav,<>
822,rec_35_audio_15.wav,<>
823,rec_35_audio_22.wav,<>
824,rec_35_audio_39.wav,<>
825,rec_35_audio_59.wav,<>
826,rec_35_audio_41.wav,<>
827,rec_35_audio_53.wav,<>
828,rec_35_audio_72.wav,<>
829,rec_35_audio_66.wav,<>
830,rec_35_audio_51.wav,<>
831,rec_35_audio_28.wav,<>
832,rec_35_audio_42.wav,<>
833,rec_35_small_audio_0.wav,<>
834,rec_35_audio_26.wav,<>
835,rec_35_audio_2.wav,<>
836,rec_36_audio_73.wav,<>
837,rec_36_audio_40.wav,<>
838,rec_36_audio_1.wav,<>
839,rec_36_audio_11.wav,<>
840,rec_36_audio_2.wav,<>
841,rec_36_small_audio_3.wav,<>
842,rec_36_audio_23.wav,<>
843,rec_36_audio_12.wav,<>
844,rec_36_audio_5.wav,<>
845,rec_36_audio_62.wav,<>
846,rec_36_audio_71.wav,<>
847,rec_36_audio_81.wav,<>
848,rec_36_audio_15.wav,<>
849,rec_36_audio_52.wav,<>
850,rec_36_audio_20.wav,<>
851,rec_36_audio_63.wav,<>
852,rec_36_audio_32.wav,<>
853,rec_36_audio_61.wav,<>
854,rec_36_audio_50.wav,<>
855,rec_36_audio_34.wav,<>
856,rec_36_audio_44.wav,<>
857,rec_36_audio_53.wav,<>
858,rec_36_audio_26.wav,<>
859,rec_36_audio_0.wav,<>
860,rec_36_audio_65.wav,<>
861,rec_36_audio_39.wav,<>
862,rec_36_audio_18.wav,<>
863,rec_36_audio_17.wav,<>
864,rec_36_audio_45.wav,<>
865,rec_36_audio_30.wav,<>
866,rec_36_audio_68.wav,<>
867,rec_36_audio_60.wav,<>
868,rec_36_audio_14.wav,<>
869,rec_36_audio_27.wav,<>
870,rec_36_audio_75.wav,<>
871,rec_36_audio_57.wav,<>
872,rec_36_small_audio_2.wav,<>
873,rec_36_audio_70.wav,<>
874,rec_36_audio_19.wav,<>
875,rec_36_audio_56.wav,<>
876,rec_36_audio_6.wav,<>
877,rec_36_audio_77.wav,<>
878,rec_36_audio_59.wav,<>
879,rec_36_audio_72.wav,<>
880,rec_36_audio_4.wav,<>
881,rec_36_audio_48.wav,<>
882,rec_36_audio_22.wav,<>
883,rec_36_audio_31.wav,<>
884,rec_36_audio_41.wav,<>
885,rec_36_audio_69.wav,<>
886,rec_36_audio_80.wav,<>
887,rec_36_audio_55.wav,<>
888,rec_36_audio_64.wav,<>
889,rec_36_audio_9.wav,<>
890,rec_36_audio_8.wav,<>
891,rec_36_audio_21.wav,<>
892,rec_36_audio_29.wav,<>
893,rec_36_audio_74.wav,<>
894,rec_36_audio_28.wav,<>
895,rec_36_audio_24.wav,<>
896,rec_36_audio_10.wav,<>
897,rec_36_audio_16.wav,<>
898,rec_36_audio_37.wav,<>
899,rec_36_audio_54.wav,<>
900,rec_36_audio_46.wav,<>
901,rec_36_audio_49.wav,<>
902,rec_36_audio_78.wav,<>
903,rec_36_audio_3.wav,<>
904,rec_36_audio_35.wav,<>
905,rec_36_small_audio_1.wav,<>
906,rec_36_audio_58.wav,<>
907,rec_36_audio_13.wav,<>
908,rec_36_audio_43.wav,<>
909,rec_36_audio_51.wav,<>
910,rec_36_audio_36.wav,<>
911,rec_36_audio_42.wav,<>
912,rec_36_audio_67.wav,<>
913,rec_36_audio_25.wav,<>
914,rec_36_audio_47.wav,<>
915,rec_36_audio_33.wav,<>
916,rec_36_audio_82.wav,<>
917,rec_36_audio_66.wav,<>
918,rec_36_audio_7.wav,<>
919,rec_36_audio_38.wav,<>
920,rec_36_audio_76.wav,<>
921,rec_36_audio_79.wav,<>
922,rec_36_small_audio_0.wav,<>
923,rec_37_audio_31.wav,<>
924,rec_37_audio_40.wav,<>
925,rec_37_audio_39.wav,<>
926,rec_37_audio_29.wav,<>
927,rec_37_audio_2.wav,<>
928,rec_37_audio_42.wav,<>
929,rec_37_audio_16.wav,<>
930,rec_37_audio_8.wav,<>
931,rec_37_audio_47.wav,<>
932,rec_37_audio_19.wav,<>
933,rec_37_audio_14.wav,<>
934,rec_37_audio_27.wav,<>
935,rec_37_audio_11.wav,<>
936,rec_37_audio_25.wav,<>
937,rec_37_big_audio_0.wav,<>
938,rec_37_audio_37.wav,<>
939,rec_37_audio_22.wav,<>
940,rec_37_audio_32.wav,<>
941,rec_37_audio_30.wav,<>
942,rec_37_audio_12.wav,<>
943,rec_37_audio_15.wav,<>
944,rec_37_audio_20.wav,<>
945,rec_37_audio_35.wav,<>
946,rec_37_audio_9.wav,<>
947,rec_37_audio_24.wav,<>
948,rec_37_audio_45.wav,<>
949,rec_37_audio_23.wav,<>
950,rec_37_audio_46.wav,<>
951,rec_37_audio_13.wav,<>
952,rec_37_audio_36.wav,<>
953,rec_37_audio_18.wav,<>
954,rec_37_audio_28.wav,<>
955,rec_37_audio_4.wav,<>
956,rec_37_audio_21.wav,<>
957,rec_37_audio_43.wav,<>
958,rec_37_audio_17.wav,<>
959,rec_37_audio_33.wav,<>
960,rec_37_audio_41.wav,<>
961,rec_37_audio_34.wav,<>
962,rec_37_audio_38.wav,<>
963,rec_37_audio_6.wav,<>
964,rec_37_small_audio_1.wav,<>
965,rec_37_audio_7.wav,<>
966,rec_37_audio_44.wav,<>
967,rec_37_audio_0.wav,<>
968,rec_37_audio_3.wav,<>
969,rec_37_audio_5.wav,<>
970,rec_37_audio_1.wav,<>
971,rec_37_audio_10.wav,<>
972,rec_37_audio_26.wav,<>
973,rec_37_small_audio_0.wav,<>
974,rec_37_audio_59.wav,<>
975,rec_37_audio_55.wav,<>
976,rec_37_audio_49.wav,<>
977,rec_37_audio_56.wav,<>
978,rec_37_audio_52.wav,<>
979,rec_37_audio_53.wav,<>
980,rec_37_audio_54.wav,<>
981,rec_37_audio_48.wav,<>
982,rec_37_small_audio_2.wav,<>
983,rec_37_audio_58.wav,<>
984,rec_37_audio_50.wav,<>
985,rec_37_audio_57.wav,<>
986,rec_37_audio_51.wav,<>
987,rec_25_big_audio_0_chunk_1.wav,<>
988,rec_25_big_audio_1_chunk_1.wav,<>
989,rec_31_big_audio_1_chunk_0.wav,<>
990,rec_25_big_audio_0_chunk_0.wav,<>
991,rec_25_big_audio_1_chunk_0.wav,<>
992,rec_31_big_audio_5_chunk_2.wav,<>
993,rec_37_big_audio_1_chunk_0.wav,<>
994,rec_31_big_audio_5_chunk_0.wav,<>
995,rec_31_big_audio_1_chunk_1.wav,<>
996,rec_31_big_audio_3_chunk_1.wav,<>
997,rec_31_big_audio_5_chunk_1.wav,<>
998,rec_31_big_audio_3_chunk_0.wav,<>
999,rec_37_big_audio_1_chunk_1.wav,<>
1000,rec_01_audio_47.wav,<>
1001,rec_01_audio_28.wav,<>
1002,rec_01_audio_43.wav,<>
1003,rec_01_audio_46.wav,<>
1004,rec_01_audio_45.wav,<>
1005,rec_01_audio_29.wav,<>
1006,rec_01_audio_41.wav,<>
1007,rec_01_audio_35.wav,<>
1008,rec_01_audio_2.wav,<>
1009,rec_01_audio_15.wav,<>
1010,rec_01_audio_9.wav,<>
1011,rec_01_audio_13.wav,<>
1012,rec_01_audio_36.wav,<>
1013,rec_01_audio_16.wav,<>
1014,rec_01_audio_34.wav,<>
1015,rec_01_audio_3.wav,<>
1016,rec_01_audio_37.wav,<>
1017,rec_01_audio_17.wav,<>
1018,rec_01_audio_30.wav,<>
1019,rec_01_audio_19.wav,<>
1020,rec_01_audio_31.wav,<>
1021,rec_01_audio_32.wav,<>
1022,rec_01_audio_24.wav,<>
1023,rec_01_audio_22.wav,<>
1024,rec_01_audio_1.wav,<>
1025,rec_01_audio_10.wav,<>
1026,rec_01_audio_0.wav,<>
1027,rec_01_audio_38.wav,<>
1028,rec_01_audio_6.wav,<>
1029,rec_01_audio_39.wav,<>
1030,rec_01_audio_26.wav,<>
1031,rec_01_audio_18.wav,<>
1032,rec_01_audio_44.wav,<>
1033,rec_01_audio_25.wav,<>
1034,rec_01_audio_4.wav,<>
1035,rec_01_audio_14.wav,<>
1036,rec_01_audio_5.wav,<>
1037,rec_01_audio_42.wav,<>
1038,rec_01_audio_21.wav,<>
1039,rec_01_audio_12.wav,<>
1040,rec_01_audio_40.wav,<>
1041,rec_01_audio_8.wav,<>
1042,rec_01_audio_11.wav,<>
1043,rec_01_audio_20.wav,<>
1044,rec_01_audio_27.wav,<>
1045,rec_01_audio_23.wav,<>
1046,rec_01_audio_33.wav,<>
1047,rec_01_audio_7.wav,<>
1048,rec_02_audio_30.wav,<>
1049,rec_02_audio_23.wav,<>
1050,rec_02_audio_39.wav,<>
1051,rec_02_audio_40.wav,<>
1052,rec_02_audio_24.wav,<>
1053,rec_02_audio_8.wav,<>
1054,rec_02_audio_2.wav,<>
1055,rec_02_audio_3.wav,<>
1056,rec_02_audio_11.wav,<>
1057,rec_02_audio_28.wav,<>
1058,rec_02_audio_22.wav,<>
1059,rec_02_audio_26.wav,<>
1060,rec_02_audio_17.wav,<>
1061,rec_02_audio_12.wav,<>
1062,rec_02_audio_16.wav,<>
1063,rec_02_audio_14.wav,<>
1064,rec_02_audio_36.wav,<>
1065,rec_02_audio_6.wav,<>
1066,rec_02_audio_43.wav,<>
1067,rec_02_audio_41.wav,<>
1068,rec_02_audio_18.wav,<>
1069,rec_02_audio_21.wav,<>
1070,rec_02_audio_29.wav,<>
1071,rec_02_small_audio_0.wav,<>
1072,rec_02_audio_37.wav,<>
1073,rec_02_audio_19.wav,<>
1074,rec_02_audio_20.wav,<>
1075,rec_02_audio_0.wav,<>
1076,rec_02_audio_1.wav,<>
1077,rec_02_audio_4.wav,<>
1078,rec_02_audio_25.wav,<>
1079,rec_02_audio_5.wav,<>
1080,rec_02_audio_13.wav,<>
1081,rec_02_audio_15.wav,<>
1082,rec_02_audio_10.wav,<>
1083,rec_02_audio_7.wav,<>
1084,rec_02_audio_27.wav,<>
1085,rec_02_audio_31.wav,<>
1086,rec_02_audio_9.wav,<>
1087,rec_02_audio_38.wav,<>
1088,rec_02_audio_32.wav,<>
1089,rec_02_audio_33.wav,<>
1090,rec_02_audio_42.wav,<>
1091,rec_02_audio_34.wav,<>
1092,rec_02_audio_35.wav,<>
1093,rec_03_audio_21.wav,<>
1094,rec_03_audio_15.wav,<>
1095,rec_03_audio_24.wav,<>
1096,rec_03_audio_12.wav,<>
1097,rec_03_audio_17.wav,<>
1098,rec_03_audio_4.wav,<>
1099,rec_03_audio_25.wav,<>
1100,rec_03_audio_50.wav,<>
1101,rec_03_audio_44.wav,<>
1102,rec_03_audio_53.wav,<>
1103,rec_03_audio_20.wav,<>
1104,rec_03_audio_57.wav,<>
1105,rec_03_audio_36.wav,<>
1106,rec_03_audio_66.wav,<>
1107,rec_03_audio_45.wav,<>
1108,rec_03_audio_60.wav,<>
1109,rec_03_audio_19.wav,<>
1110,rec_03_audio_3.wav,<>
1111,rec_03_audio_58.wav,<>
1112,rec_03_audio_6.wav,<>
1113,rec_03_audio_18.wav,<>
1114,rec_03_audio_32.wav,<>
1115,rec_03_audio_46.wav,<>
1116,rec_03_audio_35.wav,<>
1117,rec_03_audio_64.wav,<>
1118,rec_03_audio_40.wav,<>
1119,rec_03_audio_48.wav,<>
1120,rec_03_audio_9.wav,<>
1121,rec_03_audio_38.wav,<>
1122,rec_03_audio_56.wav,<>
1123,rec_03_audio_7.wav,<>
1124,rec_03_audio_8.wav,<>
1125,rec_03_audio_67.wav,<>
1126,rec_03_audio_2.wav,<>
1127,rec_03_audio_49.wav,<>
1128,rec_03_audio_28.wav,<>
1129,rec_03_audio_33.wav,<>
1130,rec_03_audio_62.wav,<>
1131,rec_03_audio_41.wav,<>
1132,rec_03_audio_14.wav,<>
1133,rec_03_audio_63.wav,<>
1134,rec_03_audio_0.wav,<>
1135,rec_03_audio_65.wav,<>
1136,rec_03_audio_51.wav,<>
1137,rec_03_audio_23.wav,<>
1138,rec_03_audio_22.wav,<>
1139,rec_03_audio_5.wav,<>
1140,rec_03_audio_26.wav,<>
1141,rec_03_audio_13.wav,<>
1142,rec_03_audio_10.wav,<>
1143,rec_03_audio_30.wav,<>
1144,rec_03_audio_34.wav,<>
1145,rec_03_audio_42.wav,<>
1146,rec_03_audio_16.wav,<>
1147,rec_03_audio_52.wav,<>
1148,rec_03_audio_27.wav,<>
1149,rec_03_audio_47.wav,<>
1150,rec_03_audio_43.wav,<>
1151,rec_03_audio_39.wav,<>
1152,rec_03_audio_61.wav,<>
1153,rec_03_audio_55.wav,<>
1154,rec_03_audio_11.wav,<>
1155,rec_03_audio_59.wav,<>
1156,rec_03_audio_37.wav,<>
1157,rec_03_audio_1.wav,<>
1158,rec_03_audio_31.wav,<>
1159,rec_03_audio_54.wav,<>
1160,rec_03_audio_29.wav,<>
1161,rec_04_audio_18.wav,<>
1162,rec_04_audio_29.wav,<>
1163,rec_04_audio_21.wav,<>
1164,rec_04_audio_0.wav,<>
1165,rec_04_audio_13.wav,<>
1166,rec_04_audio_35.wav,<>
1167,rec_04_audio_24.wav,<>
1168,rec_04_audio_19.wav,<>
1169,rec_04_audio_5.wav,<>
1170,rec_04_audio_16.wav,<>
1171,rec_04_audio_28.wav,<>
1172,rec_04_audio_15.wav,<>
1173,rec_04_audio_32.wav,<>
1174,rec_04_audio_9.wav,<>
1175,rec_04_audio_38.wav,<>
1176,rec_04_audio_22.wav,<>
1177,rec_04_audio_3.wav,<>
1178,rec_04_audio_20.wav,<>
1179,rec_04_audio_23.wav,<>
1180,rec_04_audio_34.wav,<>
1181,rec_04_audio_6.wav,<>
1182,rec_04_audio_10.wav,<>
1183,rec_04_audio_14.wav,<>
1184,rec_04_audio_2.wav,<>
1185,rec_04_audio_30.wav,<>
1186,rec_04_audio_11.wav,<>
1187,rec_04_audio_7.wav,<>
1188,rec_04_audio_12.wav,<>
1189,rec_04_audio_37.wav,<>
1190,rec_04_audio_26.wav,<>
1191,rec_04_audio_4.wav,<>
1192,rec_04_audio_33.wav,<>
1193,rec_04_audio_36.wav,<>
1194,rec_04_audio_27.wav,<>
1195,rec_04_audio_17.wav,<>
1196,rec_04_audio_25.wav,<>
1197,rec_04_audio_31.wav,<>
1198,rec_04_audio_8.wav,<>
1199,rec_04_audio_1.wav,<>
1200,rec_05_small_audio_0.wav,<>
1201,rec_05_audio_29.wav,<>
1202,rec_05_audio_21.wav,<>
1203,rec_05_audio_32.wav,<>
1204,rec_05_audio_33.wav,<>
1205,rec_05_audio_12.wav,<>
1206,rec_05_audio_10.wav,<>
1207,rec_05_audio_18.wav,<>
1208,rec_05_audio_27.wav,<>
1209,rec_05_audio_24.wav,<>
1210,rec_05_audio_19.wav,<>
1211,rec_05_audio_14.wav,<>
1212,rec_05_audio_8.wav,<>
1213,rec_05_audio_20.wav,<>
1214,rec_05_audio_28.wav,<>
1215,rec_05_audio_9.wav,<>
1216,rec_05_audio_3.wav,<>
1217,rec_05_audio_5.wav,<>
1218,rec_05_audio_23.wav,<>
1219,rec_05_audio_38.wav,<>
1220,rec_05_audio_16.wav,<>
1221,rec_05_audio_11.wav,<>
1222,rec_05_audio_15.wav,<>
1223,rec_05_audio_39.wav,<>
1224,rec_05_audio_36.wav,<>
1225,rec_05_audio_22.wav,<>
1226,rec_05_audio_31.wav,<>
1227,rec_05_audio_1.wav,<>
1228,rec_05_audio_0.wav,<>
1229,rec_05_audio_34.wav,<>
1230,rec_05_audio_37.wav,<>
1231,rec_05_audio_25.wav,<>
1232,rec_05_audio_35.wav,<>
1233,rec_05_audio_26.wav,<>
1234,rec_05_audio_41.wav,<>
1235,rec_05_audio_4.wav,<>
1236,rec_05_audio_7.wav,<>
1237,rec_05_audio_2.wav,<>
1238,rec_05_audio_13.wav,<>
1239,rec_05_audio_42.wav,<>
1240,rec_05_audio_40.wav,<>
1241,rec_05_audio_30.wav,<>
1242,rec_05_audio_17.wav,<>
1243,rec_05_audio_6.wav,<>
1244,rec_06_audio_16.wav,<>
1245,rec_06_audio_28.wav,<>
1246,rec_06_audio_25.wav,<>
1247,rec_06_audio_19.wav,<>
1248,rec_06_audio_8.wav,<>
1249,rec_06_audio_12.wav,<>
1250,rec_06_audio_31.wav,<>
1251,rec_06_audio_21.wav,<>
1252,rec_06_audio_33.wav,<>
1253,rec_06_audio_32.wav,<>
1254,rec_06_audio_1.wav,<>
1255,rec_06_audio_17.wav,<>
1256,rec_06_audio_26.wav,<>
1257,rec_06_audio_7.wav,<>
1258,rec_06_audio_13.wav,<>
1259,rec_06_audio_29.wav,<>
1260,rec_06_audio_10.wav,<>
1261,rec_06_audio_30.wav,<>
1262,rec_06_audio_35.wav,<>
1263,rec_06_audio_5.wav,<>
1264,rec_06_audio_6.wav,<>
1265,rec_06_audio_24.wav,<>
1266,rec_06_audio_2.wav,<>
1267,rec_06_audio_4.wav,<>
1268,rec_06_audio_22.wav,<>
1269,rec_06_audio_20.wav,<>
1270,rec_06_audio_34.wav,<>
1271,rec_06_audio_3.wav,<>
1272,rec_06_audio_36.wav,<>
1273,rec_06_audio_18.wav,<>
1274,rec_06_audio_27.wav,<>
1275,rec_06_audio_11.wav,<>
1276,rec_06_audio_9.wav,<>
1277,rec_06_audio_0.wav,<>
1278,rec_06_audio_23.wav,<>
1279,rec_06_audio_14.wav,<>
1280,rec_06_audio_15.wav,<>
1281,rec_07_audio_42.wav,<>
1282,rec_07_audio_14.wav,<>
1283,rec_07_audio_48.wav,<>
1284,rec_07_audio_26.wav,<>
1285,rec_07_audio_45.wav,<>
1286,rec_07_audio_3.wav,<>
1287,rec_07_audio_21.wav,<>
1288,rec_07_audio_29.wav,<>
1289,rec_07_audio_18.wav,<>
1290,rec_07_audio_31.wav,<>
1291,rec_07_audio_35.wav,<>
1292,rec_07_audio_22.wav,<>
1293,rec_07_audio_25.wav,<>
1294,rec_07_audio_27.wav,<>
1295,rec_07_audio_24.wav,<>
1296,rec_07_audio_30.wav,<>
1297,rec_07_audio_7.wav,<>
1298,rec_07_small_audio_0.wav,<>
1299,rec_07_audio_39.wav,<>
1300,rec_07_audio_2.wav,<>
1301,rec_07_audio_6.wav,<>
1302,rec_07_audio_32.wav,<>
1303,rec_07_audio_15.wav,<>
1304,rec_07_audio_19.wav,<>
1305,rec_07_audio_23.wav,<>
1306,rec_07_audio_5.wav,<>
1307,rec_07_audio_4.wav,<>
1308,rec_07_audio_8.wav,<>
1309,rec_07_audio_28.wav,<>
1310,rec_07_audio_11.wav,<>
1311,rec_07_audio_37.wav,<>
1312,rec_07_audio_46.wav,<>
1313,rec_07_audio_38.wav,<>
1314,rec_07_audio_44.wav,<>
1315,rec_07_audio_43.wav,<>
1316,rec_07_audio_16.wav,<>
1317,rec_07_audio_13.wav,<>
1318,rec_07_audio_40.wav,<>
1319,rec_07_audio_33.wav,<>
1320,rec_07_audio_50.wav,<>
1321,rec_07_audio_12.wav,<>
1322,rec_07_audio_34.wav,<>
1323,rec_07_audio_10.wav,<>
1324,rec_07_audio_17.wav,<>
1325,rec_07_audio_20.wav,<>
1326,rec_07_audio_9.wav,<>
1327,rec_07_audio_49.wav,<>
1328,rec_07_audio_1.wav,<>
1329,rec_07_audio_0.wav,<>
1330,rec_07_audio_41.wav,<>
1331,rec_07_audio_36.wav,<>
1332,rec_07_audio_47.wav,<>
1333,rec_08_audio_41.wav,<>
1334,rec_08_audio_14.wav,<>
1335,rec_08_audio_30.wav,<>
1336,rec_08_audio_33.wav,<>
1337,rec_08_audio_4.wav,<>
1338,rec_08_audio_10.wav,<>
1339,rec_08_audio_26.wav,<>
1340,rec_08_audio_19.wav,<>
1341,rec_08_audio_21.wav,<>
1342,rec_08_audio_15.wav,<>
1343,rec_08_audio_24.wav,<>
1344,rec_08_audio_45.wav,<>
1345,rec_08_audio_12.wav,<>
1346,rec_08_audio_5.wav,<>
1347,rec_08_audio_20.wav,<>
1348,rec_08_audio_7.wav,<>
1349,rec_08_audio_9.wav,<>
1350,rec_08_audio_22.wav,<>
1351,rec_08_audio_39.wav,<>
1352,rec_08_audio_36.wav,<>
1353,rec_08_audio_37.wav,<>
1354,rec_08_audio_43.wav,<>
1355,rec_08_audio_25.wav,<>
1356,rec_08_audio_17.wav,<>
1357,rec_08_audio_3.wav,<>
1358,rec_08_audio_31.wav,<>
1359,rec_08_audio_27.wav,<>
1360,rec_08_audio_42.wav,<>
1361,rec_08_audio_28.wav,<>
1362,rec_08_audio_11.wav,<>
1363,rec_08_audio_34.wav,<>
1364,rec_08_audio_18.wav,<>
1365,rec_08_audio_29.wav,<>
1366,rec_08_audio_35.wav,<>
1367,rec_08_audio_0.wav,<>
1368,rec_08_audio_23.wav,<>
1369,rec_08_audio_38.wav,<>
1370,rec_08_audio_6.wav,<>
1371,rec_08_audio_32.wav,<>
1372,rec_08_audio_1.wav,<>
1373,rec_08_audio_8.wav,<>
1374,rec_08_audio_13.wav,<>
1375,rec_08_audio_44.wav,<>
1376,rec_08_audio_16.wav,<>
1377,rec_08_audio_40.wav,<>
1378,rec_08_audio_2.wav,<>
1379,rec_09_audio_17.wav,<>
1380,rec_09_audio_15.wav,<>
1381,rec_09_audio_30.wav,<>
1382,rec_09_audio_5.wav,<>
1383,rec_09_audio_21.wav,<>
1384,rec_09_audio_19.wav,<>
1385,rec_09_audio_33.wav,<>
1386,rec_09_audio_32.wav,<>
1387,rec_09_audio_35.wav,<>
1388,rec_09_audio_20.wav,<>
1389,rec_09_audio_40.wav,<>
1390,rec_09_audio_28.wav,<>
1391,rec_09_audio_3.wav,<>
1392,rec_09_audio_36.wav,<>
1393,rec_09_audio_38.wav,<>
1394,rec_09_audio_37.wav,<>
1395,rec_09_audio_22.wav,<>
1396,rec_09_audio_23.wav,<>
1397,rec_09_audio_4.wav,<>
1398,rec_09_audio_10.wav,<>
1399,rec_09_audio_8.wav,<>
1400,rec_09_audio_11.wav,<>
1401,rec_09_audio_39.wav,<>
1402,rec_09_audio_12.wav,<>
1403,rec_09_audio_34.wav,<>
1404,rec_09_audio_29.wav,<>
1405,rec_09_audio_7.wav,<>
1406,rec_09_audio_31.wav,<>
1407,rec_09_audio_9.wav,<>
1408,rec_09_audio_18.wav,<>
1409,rec_09_audio_0.wav,<>
1410,rec_09_audio_2.wav,<>
1411,rec_09_audio_6.wav,<>
1412,rec_09_audio_14.wav,<>
1413,rec_09_audio_27.wav,<>
1414,rec_09_audio_1.wav,<>
1415,rec_09_audio_25.wav,<>
1416,rec_09_audio_26.wav,<>
1417,rec_09_audio_13.wav,<>
1418,rec_09_audio_24.wav,<>
1419,rec_09_audio_16.wav,<>
1420,rec_10_audio_34.wav,<>
1421,rec_10_audio_22.wav,<>
1422,rec_10_audio_40.wav,<>
1423,rec_10_audio_0.wav,<>
1424,rec_10_audio_5.wav,<>
1425,rec_10_audio_17.wav,<>
1426,rec_10_audio_13.wav,<>
1427,rec_10_audio_36.wav,<>
1428,rec_10_audio_9.wav,<>
1429,rec_10_small_audio_0.wav,<>
1430,rec_10_audio_20.wav,<>
1431,rec_10_audio_35.wav,<>
1432,rec_10_audio_19.wav,<>
1433,rec_10_audio_39.wav,<>
1434,rec_10_audio_2.wav,<>
1435,rec_10_audio_6.wav,<>
1436,rec_10_audio_21.wav,<>
1437,rec_10_audio_4.wav,<>
1438,rec_10_audio_38.wav,<>
1439,rec_10_audio_3.wav,<>
1440,rec_10_audio_33.wav,<>
1441,rec_10_audio_10.wav,<>
1442,rec_10_audio_41.wav,<>
1443,rec_10_audio_26.wav,<>
1444,rec_10_audio_28.wav,<>
1445,rec_10_audio_30.wav,<>
1446,rec_10_audio_18.wav,<>
1447,rec_10_audio_1.wav,<>
1448,rec_10_audio_12.wav,<>
1449,rec_10_audio_31.wav,<>
1450,rec_10_audio_14.wav,<>
1451,rec_10_audio_27.wav,<>
1452,rec_10_audio_24.wav,<>
1453,rec_10_audio_11.wav,<>
1454,rec_10_audio_32.wav,<>
1455,rec_10_audio_16.wav,<>
1456,rec_10_audio_37.wav,<>
1457,rec_10_audio_8.wav,<>
1458,rec_10_audio_7.wav,<>
1459,rec_10_audio_25.wav,<>
1460,rec_10_audio_29.wav,<>
1461,rec_10_audio_15.wav,<>
1462,rec_10_audio_23.wav,<>
1463,rec_11_audio_23.wav,<>
1464,rec_11_audio_35.wav,<>
1465,rec_11_audio_31.wav,<>
1466,rec_11_audio_47.wav,<>
1467,rec_11_audio_51.wav,<>
1468,rec_11_audio_19.wav,<>
1469,rec_11_audio_40.wav,<>
1470,rec_11_audio_14.wav,<>
1471,rec_11_audio_13.wav,<>
1472,rec_11_audio_9.wav,<>
1473,rec_11_audio_26.wav,<>
1474,rec_11_audio_39.wav,<>
1475,rec_11_audio_44.wav,<>
1476,rec_11_audio_4.wav,<>
1477,rec_11_audio_17.wav,<>
1478,rec_11_small_audio_0.wav,<>
1479,rec_11_audio_42.wav,<>
1480,rec_11_audio_36.wav,<>
1481,rec_11_audio_29.wav,<>
1482,rec_11_audio_5.wav,<>
1483,rec_11_audio_38.wav,<>
1484,rec_11_audio_20.wav,<>
1485,rec_11_audio_2.wav,<>
1486,rec_11_audio_46.wav,<>
1487,rec_11_audio_12.wav,<>
1488,rec_11_audio_25.wav,<>
1489,rec_11_audio_7.wav,<>
1490,rec_11_audio_18.wav,<>
1491,rec_11_audio_10.wav,<>
1492,rec_11_audio_8.wav,<>
1493,rec_11_audio_24.wav,<>
1494,rec_11_audio_48.wav,<>
1495,rec_11_audio_30.wav,<>
1496,rec_11_audio_3.wav,<>
1497,rec_11_audio_6.wav,<>
1498,rec_11_audio_41.wav,<>
1499,rec_11_audio_27.wav,<>
1500,rec_11_audio_45.wav,<>
1501,rec_11_audio_28.wav,<>
1502,rec_11_audio_37.wav,<>
1503,rec_11_audio_32.wav,<>
1504,rec_11_audio_16.wav,<>
1505,rec_11_audio_15.wav,<>
1506,rec_11_audio_49.wav,<>
1507,rec_11_audio_21.wav,<>
1508,rec_11_audio_0.wav,<>
1509,rec_11_audio_50.wav,<>
1510,rec_11_audio_22.wav,<>
1511,rec_11_audio_11.wav,<>
1512,rec_11_audio_1.wav,<>
1513,rec_11_audio_33.wav,<>
1514,rec_11_audio_43.wav,<>
1515,rec_11_audio_34.wav,<>
1516,rec_12_audio_44.wav,<>
1517,rec_12_audio_5.wav,<>
1518,rec_12_audio_40.wav,<>
1519,rec_12_audio_27.wav,<>
1520,rec_12_audio_32.wav,<>
1521,rec_12_audio_46.wav,<>
1522,rec_12_audio_8.wav,<>
1523,rec_12_audio_29.wav,<>
1524,rec_12_audio_3.wav,<>
1525,rec_12_audio_39.wav,<>
1526,rec_12_audio_38.wav,<>
1527,rec_12_audio_13.wav,<>
1528,rec_12_audio_26.wav,<>
1529,rec_12_audio_35.wav,<>
1530,rec_12_audio_43.wav,<>
1531,rec_12_audio_45.wav,<>
1532,rec_12_audio_42.wav,<>
1533,rec_12_audio_16.wav,<>
1534,rec_12_audio_11.wav,<>
1535,rec_12_audio_23.wav,<>
1536,rec_12_audio_17.wav,<>
1537,rec_12_audio_24.wav,<>
1538,rec_12_audio_19.wav,<>
1539,rec_12_audio_28.wav,<>
1540,rec_12_audio_37.wav,<>
1541,rec_12_audio_33.wav,<>
1542,rec_12_audio_49.wav,<>
1543,rec_12_audio_21.wav,<>
1544,rec_12_audio_7.wav,<>
1545,rec_12_audio_1.wav,<>
1546,rec_12_audio_20.wav,<>
1547,rec_12_audio_18.wav,<>
1548,rec_12_audio_10.wav,<>
1549,rec_12_audio_4.wav,<>
1550,rec_12_audio_25.wav,<>
1551,rec_12_audio_36.wav,<>
1552,rec_12_audio_15.wav,<>
1553,rec_12_audio_48.wav,<>
1554,rec_12_audio_9.wav,<>
1555,rec_12_audio_22.wav,<>
1556,rec_12_audio_41.wav,<>
1557,rec_12_audio_34.wav,<>
1558,rec_12_audio_2.wav,<>
1559,rec_12_audio_12.wav,<>
1560,rec_12_audio_14.wav,<>
1561,rec_12_audio_6.wav,<>
1562,rec_12_audio_47.wav,<>
1563,rec_12_audio_30.wav,<>
1564,rec_12_audio_31.wav,<>
1565,rec_12_audio_0.wav,<>
1566,rec_13_audio_39.wav,<>
1567,rec_13_audio_19.wav,<>
1568,rec_13_audio_40.wav,<>
1569,rec_13_audio_24.wav,<>
1570,rec_13_audio_16.wav,<>
1571,rec_13_audio_6.wav,<>
1572,rec_13_small_audio_0.wav,<>
1573,rec_13_audio_63.wav,<>
1574,rec_13_audio_21.wav,<>
1575,rec_13_audio_37.wav,<>
1576,rec_13_audio_11.wav,<>
1577,rec_13_audio_30.wav,<>
1578,rec_13_audio_46.wav,<>
1579,rec_13_audio_14.wav,<>
1580,rec_13_audio_12.wav,<>
1581,rec_13_audio_13.wav,<>
1582,rec_13_audio_27.wav,<>
1583,rec_13_audio_26.wav,<>
1584,rec_13_audio_44.wav,<>
1585,rec_13_audio_38.wav,<>
1586,rec_13_audio_18.wav,<>
1587,rec_13_audio_49.wav,<>
1588,rec_13_audio_29.wav,<>
1589,rec_13_audio_33.wav,<>
1590,rec_13_audio_47.wav,<>
1591,rec_13_audio_60.wav,<>
1592,rec_13_audio_0.wav,<>
1593,rec_13_audio_59.wav,<>
1594,rec_13_audio_32.wav,<>
1595,rec_13_audio_57.wav,<>
1596,rec_13_audio_28.wav,<>
1597,rec_13_audio_58.wav,<>
1598,rec_13_audio_15.wav,<>
1599,rec_13_audio_61.wav,<>
1600,rec_13_audio_20.wav,<>
1601,rec_13_audio_10.wav,<>
1602,rec_13_audio_55.wav,<>
1603,rec_13_audio_50.wav,<>
1604,rec_13_audio_45.wav,<>
1605,rec_13_audio_41.wav,<>
1606,rec_13_audio_5.wav,<>
1607,rec_13_audio_62.wav,<>
1608,rec_13_audio_42.wav,<>
1609,rec_13_audio_17.wav,<>
1610,rec_13_audio_35.wav,<>
1611,rec_13_audio_51.wav,<>
1612,rec_13_audio_34.wav,<>
1613,rec_13_audio_56.wav,<>
1614,rec_13_audio_36.wav,<>
1615,rec_13_audio_9.wav,<>
1616,rec_13_audio_22.wav,<>
1617,rec_13_audio_8.wav,<>
1618,rec_13_audio_2.wav,<>
1619,rec_13_audio_1.wav,<>
1620,rec_13_audio_23.wav,<>
1621,rec_13_audio_52.wav,<>
1622,rec_13_audio_43.wav,<>
1623,rec_13_audio_53.wav,<>
1624,rec_13_audio_54.wav,<>
1625,rec_13_audio_25.wav,<>
1626,rec_13_audio_31.wav,<>
1627,rec_13_audio_48.wav,<>
1628,rec_13_audio_7.wav,<>
1629,rec_13_audio_4.wav,<>
1630,rec_13_audio_3.wav,<>
1631,rec_14_audio_33.wav,<>
1632,rec_14_audio_3.wav,<>
1633,rec_14_audio_17.wav,<>
1634,rec_14_audio_24.wav,<>
1635,rec_14_audio_16.wav,<>
1636,rec_14_audio_34.wav,<>
1637,rec_14_audio_11.wav,<>
1638,rec_14_audio_7.wav,<>
1639,rec_14_audio_10.wav,<>
1640,rec_14_audio_21.wav,<>
1641,rec_14_audio_32.wav,<>
1642,rec_14_audio_13.wav,<>
1643,rec_14_audio_12.wav,<>
1644,rec_14_audio_25.wav,<>
1645,rec_14_audio_29.wav,<>
1646,rec_14_audio_6.wav,<>
1647,rec_14_audio_14.wav,<>
1648,rec_14_audio_28.wav,<>
1649,rec_14_audio_0.wav,<>
1650,rec_14_audio_18.wav,<>
1651,rec_14_audio_30.wav,<>
1652,rec_14_audio_8.wav,<>
1653,rec_14_audio_31.wav,<>
1654,rec_14_audio_26.wav,<>
1655,rec_14_small_audio_0.wav,<>
1656,rec_14_audio_15.wav,<>
1657,rec_14_audio_2.wav,<>
1658,rec_14_audio_1.wav,<>
1659,rec_14_audio_20.wav,<>
1660,rec_14_audio_5.wav,<>
1661,rec_14_audio_35.wav,<>
1662,rec_14_audio_19.wav,<>
1663,rec_14_audio_22.wav,<>
1664,rec_14_audio_23.wav,<>
1665,rec_14_audio_4.wav,<>
1666,rec_14_audio_9.wav,<>
1667,rec_14_audio_27.wav,<>
1668,rec_15_audio_13.wav,<>
1669,rec_15_audio_2.wav,<>
1670,rec_15_audio_25.wav,<>
1671,rec_15_audio_17.wav,<>
1672,rec_15_audio_14.wav,<>
1673,rec_15_audio_15.wav,<>
1674,rec_15_audio_3.wav,<>
1675,rec_15_audio_1.wav,<>
1676,rec_15_audio_5.wav,<>
1677,rec_15_audio_4.wav,<>
1678,rec_15_audio_6.wav,<>
1679,rec_15_audio_28.wav,<>
1680,rec_15_audio_0.wav,<>
1681,rec_15_audio_19.wav,<>
1682,rec_15_audio_7.wav,<>
1683,rec_15_audio_30.wav,<>
1684,rec_15_audio_20.wav,<>
1685,rec_15_audio_22.wav,<>
1686,rec_15_audio_21.wav,<>
1687,rec_15_audio_33.wav,<>
1688,rec_15_audio_34.wav,<>
1689,rec_15_audio_12.wav,<>
1690,rec_15_audio_8.wav,<>
1691,rec_15_audio_32.wav,<>
1692,rec_15_audio_31.wav,<>
1693,rec_15_audio_27.wav,<>
1694,rec_15_audio_11.wav,<>
1695,rec_15_audio_29.wav,<>
1696,rec_15_audio_18.wav,<>
1697,rec_15_audio_24.wav,<>
1698,rec_15_audio_9.wav,<>
1699,rec_15_audio_26.wav,<>
1700,rec_15_audio_10.wav,<>
1701,rec_15_audio_23.wav,<>
1702,rec_15_audio_16.wav,<>
1703,rec_15_audio_36.wav,<>
1704,rec_15_small_audio_0.wav,<>
1705,rec_15_audio_38.wav,<>
1706,rec_15_audio_35.wav,<>
1707,rec_15_audio_37.wav,<>
1708,rec_16_audio_5.wav,<>
1709,rec_16_audio_2.wav,<>
1710,rec_16_audio_12.wav,<>
1711,rec_16_audio_8.wav,<>
1712,rec_16_audio_15.wav,<>
1713,rec_16_audio_17.wav,<>
1714,rec_16_audio_4.wav,<>
1715,rec_16_audio_0.wav,<>
1716,rec_16_audio_3.wav,<>
1717,rec_16_audio_9.wav,<>
1718,rec_16_audio_6.wav,<>
1719,rec_16_audio_16.wav,<>
1720,rec_16_audio_1.wav,<>
1721,rec_16_audio_14.wav,<>
1722,rec_16_audio_11.wav,<>
1723,rec_16_audio_10.wav,<>
1724,rec_16_audio_13.wav,<>
1725,rec_16_audio_7.wav,<>
1726,rec_16_audio_19.wav,<>
1727,rec_16_audio_34.wav,<>
1728,rec_16_audio_44.wav,<>
1729,rec_16_audio_37.wav,<>
1730,rec_16_audio_24.wav,<>
1731,rec_16_audio_47.wav,<>
1732,rec_16_audio_27.wav,<>
1733,rec_16_audio_23.wav,<>
1734,rec_16_audio_50.wav,<>
1735,rec_16_audio_41.wav,<>
1736,rec_16_audio_33.wav,<>
1737,rec_16_audio_38.wav,<>
1738,rec_16_audio_36.wav,<>
1739,rec_16_audio_25.wav,<>
1740,rec_16_audio_28.wav,<>
1741,rec_16_audio_51.wav,<>
1742,rec_16_audio_35.wav,<>
1743,rec_16_audio_29.wav,<>
1744,rec_16_audio_18.wav,<>
1745,rec_16_audio_46.wav,<>
1746,rec_16_audio_31.wav,<>
1747,rec_16_audio_42.wav,<>
1748,rec_16_audio_39.wav,<>
1749,rec_16_audio_20.wav,<>
1750,rec_16_audio_30.wav,<>
1751,rec_16_audio_32.wav,<>
1752,rec_16_audio_43.wav,<>
1753,rec_16_audio_45.wav,<>
1754,rec_16_audio_49.wav,<>
1755,rec_16_audio_26.wav,<>
1756,rec_16_small_audio_0.wav,<>
1757,rec_16_audio_48.wav,<>
1758,rec_16_audio_22.wav,<>
1759,rec_16_audio_21.wav,<>
1760,rec_16_audio_40.wav,<>
1761,rec_17_audio_31.wav,<>
1762,rec_17_audio_8.wav,<>
1763,rec_17_audio_21.wav,<>
1764,rec_17_audio_22.wav,<>
1765,rec_17_audio_15.wav,<>
1766,rec_17_audio_33.wav,<>
1767,rec_17_audio_0.wav,<>
1768,rec_17_audio_12.wav,<>
1769,rec_17_audio_18.wav,<>
1770,rec_17_audio_3.wav,<>
1771,rec_17_audio_30.wav,<>
1772,rec_17_audio_11.wav,<>
1773,rec_17_audio_5.wav,<>
1774,rec_17_audio_34.wav,<>
1775,rec_17_audio_9.wav,<>
1776,rec_17_audio_26.wav,<>
1777,rec_17_audio_28.wav,<>
1778,rec_17_audio_23.wav,<>
1779,rec_17_audio_7.wav,<>
1780,rec_17_audio_24.wav,<>
1781,rec_17_audio_27.wav,<>
1782,rec_17_audio_1.wav,<>
1783,rec_17_audio_14.wav,<>
1784,rec_17_small_audio_0.wav,<>
1785,rec_17_audio_17.wav,<>
1786,rec_17_audio_10.wav,<>
1787,rec_17_audio_4.wav,<>
1788,rec_17_audio_6.wav,<>
1789,rec_17_audio_19.wav,<>
1790,rec_17_audio_32.wav,<>
1791,rec_17_audio_20.wav,<>
1792,rec_17_audio_13.wav,<>
1793,rec_17_audio_29.wav,<>
1794,rec_17_audio_16.wav,<>
1795,rec_17_audio_25.wav,<>
1796,rec_17_audio_2.wav,<>
1797,rec_18_audio_30.wav,<>
1798,rec_18_big_audio_0.wav,<>
1799,rec_18_audio_23.wav,<>
1800,rec_18_audio_36.wav,<>
1801,rec_18_audio_41.wav,<>
1802,rec_18_audio_15.wav,<>
1803,rec_18_audio_24.wav,<>
1804,rec_18_audio_25.wav,<>
1805,rec_18_audio_3.wav,<>
1806,rec_18_audio_2.wav,<>
1807,rec_18_audio_20.wav,<>
1808,rec_18_audio_0.wav,<>
1809,rec_18_audio_34.wav,<>
1810,rec_18_audio_42.wav,<>
1811,rec_18_audio_32.wav,<>
1812,rec_18_audio_37.wav,<>
1813,rec_18_audio_12.wav,<>
1814,rec_18_audio_10.wav,<>
1815,rec_18_audio_21.wav,<>
1816,rec_18_audio_44.wav,<>
1817,rec_18_audio_16.wav,<>
1818,rec_18_audio_22.wav,<>
1819,rec_18_audio_14.wav,<>
1820,rec_18_audio_29.wav,<>
1821,rec_18_audio_33.wav,<>
1822,rec_18_audio_8.wav,<>
1823,rec_18_audio_31.wav,<>
1824,rec_18_audio_27.wav,<>
1825,rec_18_audio_28.wav,<>
1826,rec_18_audio_1.wav,<>
1827,rec_18_audio_19.wav,<>
1828,rec_18_audio_39.wav,<>
1829,rec_18_audio_38.wav,<>
1830,rec_18_audio_4.wav,<>
1831,rec_18_audio_17.wav,<>
1832,rec_18_audio_13.wav,<>
1833,rec_18_audio_43.wav,<>
1834,rec_18_audio_26.wav,<>
1835,rec_18_audio_18.wav,<>
1836,rec_18_audio_11.wav,<>
1837,rec_18_audio_9.wav,<>
1838,rec_18_audio_7.wav,<>
1839,rec_18_audio_6.wav,<>
1840,rec_18_audio_5.wav,<>
1841,rec_18_audio_35.wav,<>
1842,rec_18_audio_40.wav,<>
1843,rec_19_audio_23.wav,<>
1844,rec_19_audio_4.wav,<>
1845,rec_19_audio_8.wav,<>
1846,rec_19_audio_16.wav,<>
1847,rec_19_audio_42.wav,<>
1848,rec_19_audio_34.wav,<>
1849,rec_19_audio_46.wav,<>
1850,rec_19_audio_30.wav,<>
1851,rec_19_audio_20.wav,<>
1852,rec_19_audio_13.wav,<>
1853,rec_19_audio_21.wav,<>
1854,rec_19_audio_36.wav,<>
1855,rec_19_audio_19.wav,<>
1856,rec_19_audio_44.wav,<>
1857,rec_19_audio_27.wav,<>
1858,rec_19_audio_9.wav,<>
1859,rec_19_audio_33.wav,<>
1860,rec_19_audio_1.wav,<>
1861,rec_19_audio_22.wav,<>
1862,rec_19_audio_37.wav,<>
1863,rec_19_audio_43.wav,<>
1864,rec_19_audio_32.wav,<>
1865,rec_19_audio_6.wav,<>
1866,rec_19_audio_38.wav,<>
1867,rec_19_audio_11.wav,<>
1868,rec_19_audio_0.wav,<>
1869,rec_19_audio_45.wav,<>
1870,rec_19_audio_12.wav,<>
1871,rec_19_audio_17.wav,<>
1872,rec_19_audio_35.wav,<>
1873,rec_19_audio_29.wav,<>
1874,rec_19_audio_39.wav,<>
1875,rec_19_audio_41.wav,<>
1876,rec_19_audio_26.wav,<>
1877,rec_19_audio_25.wav,<>
1878,rec_19_audio_7.wav,<>
1879,rec_19_audio_5.wav,<>